ETo (mm),Precip (mm),Sol Rad (W/sq.m),Avg Vap Pres (kPa),Max Air Temp (C),Min Air Temp (C),Avg Air Temp (C),Max Rel Hum (%),Min Rel Hum (%),Avg Rel Hum (%),Dew Point (C),Avg Wind Speed (m/s),Avg Soil Temp (C)
4.6,0.0,237.0,1.4,37.5,14.9,25.4,81.0,18.0,43.0,12.0,1.1,20.6
4.64,0.0,227.0,1.6,37.1,15.5,25.9,88.0,21.0,47.0,13.8,1.2,20.9
4.25,0.0,209.0,1.6,37.1,17.6,26.5,83.0,21.0,48.0,14.4,1.0,21.3
4.74,0.0,211.0,1.5,37.4,18.0,27.4,83.0,22.0,42.0,13.4,1.3,21.6
2.7,0.2,131.0,1.6,32.5,18.1,25.4,77.0,29.0,48.0,13.8,1.2,21.9
4.46,1.9,202.0,1.6,35.0,18.5,26.1,80.0,27.0,49.0,14.4,1.7,22.0
3.46,0.7,163.0,1.8,32.2,17.4,24.7,76.0,32.0,58.0,15.9,2.0,22.2
3.51,1.7,202.0,1.2,22.5,13.6,17.3,86.0,40.0,62.0,10.1,2.6,21.6
1.31,0.2,98.0,1.3,19.5,11.8,14.9,94.0,60.0,78.0,11.0,1.6,20.6
1.93,1.7,132.0,1.4,21.5,9.3,15.1,96.0,57.0,81.0,11.8,1.4,19.8
2.58,0.0,174.0,1.4,22.1,11.2,16.9,96.0,47.0,70.0,11.4,1.2,19.7
3.3,0.0,204.0,1.3,24.9,9.9,17.0,95.0,37.0,66.0,10.5,1.2,19.5
3.45,0.1,206.0,1.3,26.7,9.9,17.8,95.0,37.0,65.0,11.1,1.3,19.2
3.54,0.0,207.0,1.4,29.2,11.5,19.7,93.0,29.0,60.0,11.7,1.1,19.4
3.62,0.0,204.0,1.5,30.0,12.6,20.9,91.0,34.0,61.0,12.9,1.1,19.6
3.64,0.0,273.0,1.6,32.2,17.0,25.4,93.0,31.0,48.0,13.7,1.2,20.7
3.73,0.0,204.0,1.5,33.2,14.5,22.8,94.0,25.0,55.0,13.5,1.0,20.7
3.71,0.0,203.0,1.5,35.6,14.5,23.1,88.0,20.0,53.0,13.0,1.1,21.0
4.0,0.0,200.0,1.3,34.0,13.6,23.2,90.0,21.0,44.0,10.4,1.3,21.0
3.71,0.0,186.0,1.1,30.4,13.0,21.5,87.0,22.0,44.0,8.8,1.4,21.0
2.33,0.2,93.0,1.0,21.6,12.6,16.6,90.0,29.0,53.0,6.9,2.6,20.4
1.88,0.0,140.0,1.3,21.6,10.2,14.8,97.0,48.0,77.0,10.9,1.4,19.7
2.69,0.0,186.0,1.3,23.8,10.1,16.3,96.0,46.0,72.0,11.2,1.1,19.6
3.16,0.0,188.0,1.3,28.0,11.3,20.0,92.0,30.0,56.0,11.0,1.3,19.9
2.66,0.0,154.0,1.2,23.3,12.6,17.1,83.0,45.0,64.0,10.2,2.0,20.1
2.69,0.0,172.0,1.2,22.8,10.5,16.6,84.0,39.0,62.0,9.3,1.6,19.9
2.22,0.0,136.0,1.3,22.4,13.9,17.5,89.0,46.0,66.0,11.0,1.8,20.1
1.26,3.3,60.0,1.5,20.8,15.6,18.0,93.0,58.0,75.0,13.4,3.0,19.9
3.3,0.0,182.0,1.1,19.2,10.5,15.0,92.0,41.0,67.0,8.9,4.4,19.5
3.13,0.0,184.0,0.9,19.9,6.7,12.6,95.0,34.0,61.0,5.2,2.9,18.7
2.64,0.0,166.0,0.8,20.4,3.9,11.9,89.0,31.0,60.0,4.4,1.6,17.8
2.7,0.0,154.0,0.8,25.3,6.9,15.2,89.0,16.0,44.0,3.1,1.2,17.5
2.46,0.0,140.0,0.9,25.7,7.2,15.8,81.0,22.0,49.0,5.2,1.7,17.5
1.75,6.2,128.0,1.2,19.8,9.4,14.0,93.0,50.0,77.0,9.9,2.1,17.8
2.38,0.2,169.0,1.1,21.2,7.2,13.7,96.0,42.0,72.0,8.7,1.1,17.4
2.5,0.1,167.0,1.2,22.5,6.5,14.1,96.0,44.0,74.0,9.5,1.1,17.3
2.42,0.1,162.0,1.2,25.5,7.8,15.1,96.0,38.0,72.0,10.2,1.0,17.3
2.58,0.2,160.0,1.4,28.4,8.6,17.1,96.0,34.0,71.0,11.7,1.0,17.5
1.97,0.1,124.0,1.4,28.7,9.8,17.8,96.0,35.0,70.0,12.3,1.0,17.7
2.87,0.0,149.0,1.2,31.7,11.2,20.1,91.0,17.0,52.0,9.9,1.1,18.0
0.97,0.0,67.0,1.3,21.9,10.3,15.2,94.0,55.0,74.0,10.7,1.6,17.8
0.52,13.1,44.0,1.3,18.1,10.4,13.6,95.0,60.0,82.0,10.7,2.1,17.1
2.24,0.1,151.0,1.0,15.9,6.3,11.3,94.0,51.0,74.0,6.7,3.3,16.7
1.94,0.0,157.0,0.9,16.8,2.3,9.7,96.0,48.0,76.0,5.7,1.2,15.9
2.04,0.1,130.0,1.0,16.5,4.7,11.7,93.0,50.0,72.0,6.8,2.2,16.1
2.06,0.1,156.0,0.9,17.7,2.1,9.5,96.0,47.0,77.0,5.6,1.3,15.4
1.9,0.2,146.0,0.9,18.6,2.7,9.9,97.0,45.0,76.0,5.8,0.9,15.0
1.69,0.1,134.0,1.0,18.4,2.3,10.2,97.0,48.0,77.0,6.4,0.9,14.9
1.74,0.2,131.0,1.0,19.9,3.4,10.9,96.0,46.0,77.0,6.9,0.9,14.8
1.93,0.1,140.0,1.0,21.7,3.9,12.1,97.0,39.0,73.0,7.4,0.8,14.9
1.93,0.2,137.0,1.1,22.6,4.7,12.3,97.0,37.0,73.0,7.7,0.9,14.9
1.81,0.2,126.0,1.1,23.1,4.9,12.5,97.0,39.0,73.0,7.9,0.9,14.9
1.82,0.1,121.0,1.0,23.2,4.7,12.9,95.0,34.0,70.0,7.6,1.0,14.8
0.81,0.5,56.0,1.1,15.5,8.0,11.6,94.0,57.0,79.0,8.0,2.3,14.8
1.56,11.5,131.0,0.9,13.6,6.7,9.9,94.0,52.0,77.0,6.0,3.0,14.8
0.97,11.2,90.0,0.9,11.5,4.7,7.6,95.0,66.0,86.0,5.4,2.0,14.1
1.53,1.2,132.0,0.9,14.3,4.1,8.4,95.0,49.0,78.0,4.7,1.1,13.8
0.23,8.6,28.0,0.9,9.4,3.3,7.0,94.0,72.0,88.0,5.1,2.4,13.0
1.42,0.0,143.0,0.6,8.9,0.2,3.8,95.0,54.0,77.0,0.2,2.0,12.5
1.36,0.2,134.0,0.6,12.1,-1.2,3.8,97.0,47.0,81.0,0.8,1.0,11.7
1.46,0.1,138.0,0.7,15.5,-1.7,5.0,97.0,36.0,75.0,0.9,0.7,11.3
0.38,3.4,41.0,0.8,10.2,0.9,5.9,96.0,67.0,86.0,3.7,1.6,11.1
1.09,0.0,89.0,0.8,10.7,0.9,6.5,95.0,57.0,80.0,3.2,2.7,11.4
1.41,0.1,134.0,0.7,11.9,-1.5,4.1,97.0,50.0,80.0,1.0,1.2,10.8
1.06,0.1,100.0,0.7,12.7,-1.7,5.2,97.0,46.0,75.0,1.2,0.9,10.4
1.46,0.1,125.0,0.7,14.9,-0.7,6.8,96.0,42.0,73.0,2.3,0.8,10.7
0.87,0.0,70.0,0.9,13.5,6.9,10.6,96.0,58.0,70.0,5.4,1.4,11.0
1.19,0.0,91.0,1.0,16.2,6.7,10.5,93.0,50.0,75.0,6.2,1.2,11.5
0.72,0.7,54.0,1.1,17.8,8.7,12.2,91.0,60.0,81.0,9.0,1.7,12.2
0.6,7.8,48.0,1.2,15.6,5.1,11.6,96.0,67.0,85.0,9.1,2.1,12.5
1.58,0.0,122.0,1.1,19.5,6.3,12.4,95.0,49.0,75.0,8.0,1.2,12.8
1.57,0.3,128.0,1.0,18.9,3.1,10.0,97.0,52.0,82.0,7.1,1.0,12.5
1.29,0.1,96.0,1.1,17.9,4.7,11.5,96.0,51.0,78.0,7.8,1.3,12.4
0.61,0.0,55.0,1.2,16.6,8.0,12.5,96.0,65.0,84.0,9.8,1.0,13.2
1.4,0.1,105.0,1.2,19.8,6.8,12.7,97.0,58.0,83.0,10.0,1.2,13.2
0.71,0.2,67.0,1.3,16.9,8.6,12.4,97.0,77.0,92.0,11.1,1.1,13.5
0.17,0.2,30.0,1.2,14.6,7.6,11.4,97.0,82.0,91.0,10.0,0.9,13.4
0.53,0.0,51.0,1.2,13.8,11.4,12.3,87.0,75.0,82.0,9.3,1.1,13.8
0.18,4.3,27.0,1.2,12.0,9.7,11.1,95.0,83.0,88.0,9.1,1.6,13.8
0.89,0.2,74.0,1.0,12.9,5.7,9.7,95.0,66.0,83.0,7.0,1.8,13.6
0.26,0.1,39.0,0.9,9.3,6.1,7.2,97.0,85.0,93.0,6.2,1.4,13.0
0.06,27.3,23.0,1.2,12.8,6.9,9.8,96.0,92.0,95.0,9.1,2.2,12.7
0.05,9.9,11.0,1.3,14.6,10.5,12.7,94.0,83.0,90.0,11.1,3.8,12.9
0.03,20.7,13.0,1.3,14.9,9.8,12.6,96.0,84.0,91.0,11.2,2.9,13.3
0.03,9.6,16.0,1.0,9.9,8.1,8.8,94.0,82.0,91.0,7.4,1.9,12.8
0.57,0.6,54.0,1.1,13.7,5.7,10.1,96.0,74.0,86.0,7.8,1.5,12.4
0.13,10.4,28.0,1.2,13.0,9.6,11.2,95.0,91.0,94.0,10.2,1.4,12.8
0.79,0.1,75.0,1.2,15.7,6.2,11.4,96.0,69.0,89.0,9.7,1.1,13.2
0.59,0.3,69.0,1.1,13.9,5.3,8.6,97.0,79.0,94.0,7.7,1.1,12.8
0.61,15.4,45.0,1.0,15.4,4.6,9.8,96.0,60.0,82.0,6.9,1.7,12.2
1.43,0.1,122.0,0.9,14.3,3.2,8.5,96.0,58.0,83.0,5.7,1.4,12.0
0.86,0.2,93.0,0.9,13.3,1.7,7.4,97.0,66.0,88.0,5.5,1.1,11.5
0.41,22.6,50.0,1.0,11.6,4.2,8.1,97.0,76.0,92.0,6.9,1.6,11.5
0.85,15.1,49.0,0.9,11.8,3.3,8.3,95.0,65.0,83.0,5.5,4.1,11.4
1.2,0.0,126.0,0.6,9.3,-0.5,3.7,91.0,48.0,70.0,-1.1,2.2,10.6
1.24,0.1,120.0,0.6,9.9,-2.6,3.6,96.0,48.0,74.0,-0.6,1.2,9.7
0.41,8.4,28.0,0.9,9.9,3.2,7.6,95.0,60.0,81.0,4.6,2.6,9.7
0.05,27.0,20.0,1.0,10.6,6.9,8.1,96.0,86.0,94.0,7.1,1.9,10.1
1.05,0.1,96.0,0.9,13.1,3.0,8.1,96.0,58.0,81.0,5.0,1.1,10.5
1.39,0.1,127.0,0.8,14.5,0.2,6.3,97.0,51.0,82.0,3.4,0.9,9.9
0.46,0.3,64.0,0.8,6.9,-0.2,3.7,97.0,89.0,95.0,2.9,1.0,9.6
0.03,0.1,21.0,0.8,5.2,3.9,4.5,95.0,88.0,91.0,3.2,1.1,9.9
0.04,0.0,23.0,0.7,4.9,3.1,4.0,95.0,88.0,92.0,2.7,1.1,9.8
0.04,0.0,19.0,0.7,4.3,3.0,3.7,92.0,83.0,88.0,1.8,1.2,9.7
0.11,0.0,22.0,0.7,5.1,3.2,4.1,92.0,77.0,85.0,1.8,1.7,9.5
1.05,0.0,102.0,0.7,9.7,2.2,5.0,91.0,53.0,75.0,1.0,1.1,9.5
0.72,0.0,54.0,0.8,11.8,2.4,7.2,91.0,57.0,76.0,3.2,1.6,9.5
1.58,0.0,128.0,0.8,17.5,3.0,8.8,96.0,37.0,75.0,4.5,1.1,10.0
1.16,0.1,99.0,0.9,15.8,1.6,8.2,97.0,54.0,81.0,5.1,1.0,9.8
0.3,0.2,41.0,1.0,12.4,4.5,9.0,96.0,81.0,91.0,7.6,1.0,10.4
0.64,0.0,63.0,1.1,13.7,3.9,9.9,97.0,71.0,86.0,7.7,1.2,10.6
0.61,0.0,60.0,1.1,13.3,9.4,10.6,89.0,73.0,83.0,7.9,1.3,11.3
0.0,0.0,16.0,1.1,10.3,9.0,9.8,92.0,86.0,89.0,8.0,1.0,11.5
0.09,0.0,23.0,1.0,10.3,8.4,9.3,91.0,82.0,87.0,7.2,1.3,11.5
0.38,0.0,38.0,1.0,11.1,8.7,9.9,91.0,76.0,83.0,7.2,1.5,11.6
1.6,0.0,134.0,1.0,17.4,3.0,9.9,95.0,49.0,79.0,6.3,0.8,11.5
0.94,0.2,94.0,0.9,16.5,2.3,7.3,97.0,60.0,90.0,5.8,0.9,10.9
1.4,0.3,127.0,0.9,14.8,1.4,7.4,97.0,71.0,91.0,5.9,1.0,10.7
1.23,0.3,109.0,1.0,18.2,4.4,9.4,97.0,57.0,88.0,7.4,1.1,11.1
0.99,0.4,102.0,0.9,13.5,2.5,7.1,97.0,77.0,94.0,6.2,1.1,10.9
0.7,0.2,80.0,1.0,12.7,4.1,7.4,97.0,82.0,96.0,6.8,1.2,11.1
0.83,0.3,89.0,1.0,12.3,4.9,7.6,97.0,82.0,95.0,6.9,1.4,11.3
0.57,0.0,108.0,1.0,12.8,5.9,7.5,97.0,84.0,94.0,6.7,1.2,11.5
0.96,0.3,98.0,0.9,14.9,4.5,7.0,97.0,65.0,92.0,5.9,1.3,11.4
0.11,0.2,32.0,0.9,7.4,4.6,6.0,97.0,90.0,95.0,5.3,1.7,11.3
0.53,7.5,58.0,1.0,14.1,5.2,8.0,95.0,68.0,89.0,6.4,2.4,11.1
0.71,0.1,71.0,0.9,11.8,3.5,7.7,96.0,69.0,87.0,5.7,1.3,10.9
1.2,0.1,113.0,0.9,13.3,2.0,7.3,97.0,64.0,85.0,4.9,0.9,10.7
1.79,0.2,160.0,0.8,15.1,0.2,7.2,97.0,49.0,78.0,3.5,0.9,10.3
1.88,0.1,158.0,0.8,16.4,0.1,7.6,96.0,42.0,73.0,3.1,1.0,10.1
1.68,0.1,140.0,0.8,16.4,-0.2,7.6,96.0,48.0,76.0,3.7,1.0,10.0
1.81,0.1,145.0,0.8,17.5,1.2,8.6,97.0,42.0,75.0,4.4,0.9,10.1
2.07,0.1,159.0,0.9,21.5,1.9,10.6,96.0,42.0,72.0,5.9,1.0,10.3
2.24,0.1,165.0,1.0,20.8,3.7,11.6,96.0,47.0,75.0,7.3,1.1,10.6
0.67,0.0,66.0,0.7,11.1,1.3,6.9,96.0,54.0,69.0,1.6,1.7,10.5
2.19,0.1,175.0,0.7,16.3,-0.7,7.3,97.0,33.0,65.0,1.1,1.2,9.9
2.3,0.1,178.0,0.7,17.2,-0.5,7.9,96.0,31.0,62.0,1.1,1.1,9.7
2.28,0.1,181.0,0.7,19.4,-0.7,8.8,96.0,30.0,64.0,2.3,0.9,9.6
2.54,0.1,187.0,0.7,25.1,0.9,11.2,95.0,17.0,54.0,2.2,1.0,9.7
2.73,0.0,177.0,0.8,22.0,0.9,11.7,92.0,29.0,58.0,3.8,1.5,9.9
1.8,0.1,99.0,0.9,16.8,8.8,11.9,73.0,56.0,64.0,5.4,2.7,10.5
2.77,0.0,160.0,0.9,19.0,8.0,13.6,80.0,49.0,61.0,6.2,2.5,10.9
1.56,7.1,88.0,0.9,13.2,5.3,10.0,94.0,57.0,74.0,5.6,3.4,11.2
1.87,2.6,105.0,0.8,12.6,3.5,8.6,94.0,47.0,71.0,3.7,3.3,10.8
1.04,11.8,85.0,1.0,14.4,7.2,9.7,95.0,52.0,83.0,7.0,1.8,11.0
1.95,4.4,149.0,0.9,12.3,5.5,8.3,95.0,55.0,78.0,4.7,2.7,11.1
1.83,0.1,162.0,0.8,13.3,4.5,7.8,94.0,49.0,76.0,3.9,1.4,11.1
1.92,0.0,156.0,0.8,12.5,0.9,7.2,97.0,53.0,75.0,3.2,1.2,10.5
2.59,0.0,200.0,0.8,14.2,2.6,8.1,90.0,48.0,70.0,3.0,1.7,10.4
2.43,0.1,194.0,0.8,14.6,0.5,7.5,96.0,50.0,73.0,3.0,1.4,10.0
2.03,0.0,145.0,0.7,13.5,2.6,8.4,91.0,51.0,66.0,2.5,2.0,10.1
0.78,11.7,53.0,0.9,10.7,4.8,8.1,92.0,71.0,83.0,5.4,4.0,10.5
2.34,0.0,194.0,0.6,9.3,0.6,4.9,83.0,45.0,64.0,-1.4,2.5,10.2
2.43,0.1,218.0,0.6,12.4,-2.8,4.6,96.0,41.0,69.0,-0.6,1.7,9.6
2.84,0.1,223.0,0.6,17.4,-1.5,7.8,96.0,27.0,57.0,-0.3,1.2,9.2
1.84,0.0,139.0,0.8,14.2,-0.1,8.2,95.0,47.0,71.0,3.2,1.6,9.2
2.32,1.9,149.0,1.1,18.5,8.4,12.6,94.0,57.0,76.0,8.5,2.5,10.2
3.0,0.0,262.0,1.0,19.2,6.5,14.9,97.0,50.0,61.0,7.5,2.3,11.2
2.97,0.0,212.0,0.9,19.7,3.1,11.2,96.0,48.0,71.0,6.2,1.3,10.8
3.1,0.1,216.0,1.0,21.9,4.5,13.0,96.0,40.0,68.0,7.2,1.2,10.8
1.28,0.7,86.0,1.2,17.5,11.0,13.9,88.0,62.0,77.0,9.9,2.3,11.6
3.27,1.0,198.0,0.9,14.9,7.9,11.6,93.0,44.0,69.0,6.1,4.2,11.9
2.97,0.0,229.0,0.9,17.6,3.2,11.4,95.0,47.0,69.0,5.9,1.7,11.6
3.28,0.0,225.0,1.1,22.2,7.4,14.3,93.0,47.0,70.0,8.9,1.2,12.0
3.61,0.1,226.0,1.2,22.8,6.2,14.5,96.0,48.0,73.0,9.6,2.1,12.0
2.79,0.0,195.0,1.0,17.7,6.7,11.9,92.0,43.0,72.0,7.0,2.4,12.4
3.4,0.0,232.0,0.9,18.7,5.0,11.3,91.0,37.0,66.0,5.3,1.7,11.9
2.25,0.0,148.0,1.0,19.7,3.7,12.2,94.0,42.0,68.0,6.5,1.3,11.7
3.49,0.0,214.0,1.3,23.2,9.6,16.1,92.0,47.0,69.0,10.3,1.9,12.2
3.31,0.0,210.0,1.4,23.8,9.2,16.4,97.0,43.0,73.0,11.5,1.9,12.7
2.06,0.8,113.0,1.1,16.2,8.3,13.2,93.0,51.0,75.0,8.9,3.6,13.2
3.37,0.0,240.0,0.8,18.7,3.7,10.7,90.0,29.0,64.0,4.1,1.4,12.5
1.84,6.0,105.0,0.8,16.6,4.8,10.0,93.0,41.0,69.0,4.6,2.9,11.9
2.02,0.1,117.0,0.9,12.8,2.8,9.3,96.0,54.0,75.0,5.1,3.6,11.6
0.12,46.5,25.0,1.0,12.2,5.7,8.7,95.0,55.0,90.0,7.2,2.9,11.6
2.05,5.8,170.0,0.9,13.1,5.9,8.3,95.0,61.0,84.0,5.8,2.0,11.2
3.27,0.3,228.0,0.9,15.5,5.7,10.6,96.0,47.0,69.0,5.2,1.9,11.2
0.4,11.2,46.0,1.0,11.6,5.6,9.0,94.0,75.0,85.0,6.6,2.7,11.5
1.14,9.0,72.0,0.9,12.0,6.6,9.3,95.0,63.0,81.0,6.2,4.3,11.2
3.35,0.6,256.0,0.9,16.9,3.7,10.7,95.0,46.0,69.0,5.2,1.2,11.2
1.67,2.4,114.0,1.1,14.3,8.4,11.0,92.0,63.0,80.0,7.7,3.2,11.3
2.47,2.8,182.0,1.1,18.2,7.7,12.2,96.0,56.0,79.0,8.7,1.8,11.7
3.85,0.1,262.0,1.1,17.4,7.0,12.2,95.0,58.0,74.0,7.8,2.9,11.8
3.63,0.0,243.0,1.1,19.7,6.0,12.8,94.0,53.0,73.0,8.1,1.6,11.9
3.76,0.0,240.0,1.2,22.9,6.1,14.7,96.0,50.0,74.0,10.2,1.2,12.0
4.33,0.1,269.0,1.5,26.6,8.6,17.5,97.0,44.0,73.0,12.5,1.1,12.3
4.5,0.1,271.0,1.6,29.7,9.8,19.8,97.0,40.0,70.0,14.2,1.1,12.8
3.86,0.1,213.0,1.5,23.1,12.5,18.1,93.0,52.0,70.0,12.5,2.4,13.4
3.91,0.0,265.0,1.0,18.5,7.2,12.9,84.0,51.0,65.0,6.4,2.7,13.3
4.44,0.0,281.0,1.1,25.0,7.1,16.0,92.0,34.0,61.0,8.6,1.3,12.8
4.98,0.1,284.0,1.2,25.6,8.2,17.5,95.0,32.0,59.0,9.3,2.1,13.3
4.82,0.0,290.0,1.1,22.3,9.1,15.6,88.0,38.0,61.0,8.1,2.7,14.4
2.12,5.8,150.0,0.8,12.0,4.6,8.6,92.0,57.0,71.0,3.6,2.8,14.0
2.45,0.1,197.0,0.7,13.1,2.8,7.0,93.0,46.0,70.0,2.0,1.7,13.2
3.89,0.1,290.0,0.8,16.6,0.3,8.7,95.0,35.0,67.0,2.9,1.8,12.9
4.39,0.0,296.0,0.8,19.3,2.7,11.9,95.0,34.0,59.0,4.1,1.4,13.3
4.06,0.0,256.0,1.0,19.8,6.7,12.8,90.0,43.0,67.0,6.9,2.3,13.8
4.7,0.0,300.0,0.9,21.3,6.1,13.7,93.0,32.0,60.0,5.9,2.3,14.3
4.46,0.0,261.0,0.8,16.3,6.9,11.0,78.0,46.0,60.0,3.5,4.0,14.3
4.55,0.0,297.0,0.8,18.7,2.2,11.3,93.0,31.0,56.0,2.9,1.8,14.0
4.98,0.0,302.0,0.9,22.7,4.2,14.6,88.0,30.0,56.0,5.8,1.9,14.1
4.73,0.0,279.0,1.3,24.3,9.0,17.3,96.0,42.0,67.0,11.0,1.9,15.0
5.15,0.0,286.0,1.5,25.9,11.5,18.9,95.0,45.0,67.0,12.7,2.3,15.7
5.4,0.0,278.0,1.3,24.5,13.3,18.0,87.0,32.0,61.0,10.3,3.4,16.3
3.65,0.0,223.0,1.4,24.1,11.8,17.0,96.0,43.0,72.0,11.9,2.1,16.3
3.7,0.0,205.0,1.2,24.8,10.5,17.5,95.0,35.0,62.0,10.2,1.5,16.1
4.86,0.0,261.0,1.2,22.7,11.2,17.0,91.0,36.0,61.0,9.3,2.9,16.4
4.41,0.0,243.0,1.0,21.5,7.0,15.0,94.0,35.0,56.0,6.3,2.1,16.1
4.65,0.0,270.0,1.0,23.0,9.1,16.4,83.0,32.0,53.0,6.9,1.6,16.3
3.98,0.0,232.0,1.2,21.9,10.6,15.7,89.0,39.0,65.0,9.1,2.7,16.4
4.39,0.0,232.0,1.1,22.3,10.6,15.6,82.0,42.0,60.0,8.0,3.1,16.3
6.12,0.0,327.0,0.8,21.5,8.4,14.5,83.0,24.0,47.0,3.4,4.2,16.4
5.47,0.0,325.0,0.8,24.1,6.0,15.5,86.0,21.0,45.0,3.6,1.7,16.1
6.3,0.0,321.0,0.9,24.7,7.6,16.5,84.0,33.0,49.0,5.9,3.4,16.2
6.53,0.0,337.0,0.6,21.0,6.3,13.5,77.0,18.0,38.0,-0.5,4.4,16.3
5.6,0.0,334.0,0.6,22.2,2.8,14.0,86.0,18.0,38.0,0.0,1.6,15.7
5.72,0.0,335.0,0.7,26.0,5.4,16.2,86.0,16.0,39.0,2.2,1.5,15.5
5.97,0.0,325.0,0.9,28.6,7.9,19.2,81.0,17.0,38.0,4.6,1.4,16.6
6.45,0.0,332.0,0.9,27.2,9.2,19.1,79.0,20.0,40.0,5.4,2.1,17.9
5.98,0.0,328.0,1.1,30.6,9.3,20.4,83.0,24.0,45.0,8.1,1.4,18.5
6.71,0.0,325.0,1.2,33.1,11.6,23.4,87.0,17.0,40.0,9.1,1.6,19.1
6.99,0.0,330.0,1.1,31.6,11.8,22.6,77.0,19.0,39.0,8.0,2.4,19.3
6.17,0.0,316.0,1.0,25.9,9.6,18.0,75.0,25.0,49.0,7.2,3.2,19.3
4.78,0.0,251.0,0.9,19.5,9.8,14.5,71.0,40.0,57.0,6.2,3.8,18.9
3.02,2.0,203.0,0.9,18.9,6.2,11.1,91.0,47.0,71.0,6.0,2.2,17.7
5.43,0.1,346.0,0.9,24.1,4.7,15.1,93.0,30.0,53.0,5.7,1.5,17.0
6.26,0.0,337.0,1.0,26.9,8.5,19.0,89.0,29.0,47.0,7.4,2.1,17.3
6.33,0.0,442.0,1.1,27.5,15.8,23.1,84.0,28.0,38.0,8.1,2.6,18.2
6.71,0.0,332.0,1.1,29.5,11.2,20.8,75.0,27.0,43.0,7.7,2.6,18.2
5.35,0.0,278.0,0.8,20.5,10.1,14.8,66.0,35.0,48.0,3.8,3.2,18.1
2.79,7.4,203.0,1.0,15.4,7.9,11.2,92.0,47.0,72.0,6.5,2.2,17.3
3.59,1.8,222.0,0.9,16.2,6.3,11.7,91.0,44.0,66.0,5.6,2.6,16.5
2.0,0.8,122.0,1.1,17.0,9.7,13.3,87.0,53.0,71.0,8.1,2.8,16.4
4.32,0.2,260.0,1.1,18.9,9.6,13.9,94.0,49.0,69.0,8.3,2.6,16.5
5.4,0.0,332.0,1.1,23.6,6.7,16.3,96.0,37.0,60.0,8.5,1.4,17.3
6.64,0.0,348.0,1.1,27.2,9.7,19.8,91.0,30.0,49.0,8.9,2.3,18.4
6.46,0.0,322.0,1.1,27.3,12.9,19.6,75.0,21.0,47.0,7.8,2.8,19.7
5.78,0.0,304.0,1.1,24.5,10.3,17.2,85.0,31.0,55.0,8.0,2.9,19.4
5.83,0.0,348.0,0.9,21.8,7.8,15.3,84.0,31.0,54.0,6.0,2.6,18.8
6.02,0.0,353.0,0.9,24.6,8.2,16.6,80.0,21.0,47.0,5.1,2.2,18.6
6.36,0.0,312.0,1.0,27.9,9.1,17.4,84.0,24.0,51.0,7.3,3.1,18.3
6.88,0.0,362.0,0.8,22.7,9.2,16.1,80.0,21.0,46.0,4.4,4.2,18.1
6.7,0.0,353.0,1.0,24.7,10.3,17.7,76.0,33.0,52.0,7.6,3.9,18.1
6.5,0.3,328.0,0.9,23.3,10.5,16.2,86.0,24.0,49.0,5.4,4.5,18.2
6.25,0.0,334.0,0.9,21.0,8.4,14.3,86.0,31.0,54.0,5.1,4.4,17.7
6.13,0.0,356.0,0.9,25.2,7.6,17.3,86.0,23.0,46.0,5.5,1.7,17.4
6.4,0.0,365.0,0.9,25.1,9.2,16.9,80.0,21.0,47.0,5.6,3.2,17.7
5.41,0.0,296.0,0.9,21.7,11.0,15.5,75.0,28.0,51.0,5.5,3.3,17.8
6.56,0.0,366.0,0.9,22.1,8.2,15.6,80.0,27.0,48.0,4.7,3.5,17.7
4.17,0.0,237.0,1.0,22.7,8.8,17.0,88.0,30.0,51.0,6.8,1.6,17.7
0.97,5.7,70.0,1.3,17.6,14.0,15.8,87.0,37.0,72.0,10.8,1.5,17.7
4.66,27.9,256.0,1.4,23.9,12.1,17.5,95.0,38.0,69.0,11.7,2.2,17.7
5.1,7.6,297.0,1.3,22.5,11.5,16.6,94.0,44.0,67.0,10.4,2.3,18.0
5.4,0.0,319.0,1.4,24.1,11.3,17.7,92.0,46.0,67.0,11.5,2.7,18.8
6.44,0.0,350.0,1.4,27.7,13.9,21.3,84.0,36.0,55.0,11.9,2.2,19.6
6.89,0.0,358.0,1.4,29.8,13.0,22.0,87.0,30.0,52.0,11.7,2.4,20.1
7.44,0.0,363.0,1.3,30.5,14.0,22.6,86.0,22.0,46.0,10.5,2.8,20.4
5.93,0.0,315.0,1.2,25.7,11.6,18.6,85.0,32.0,57.0,10.0,2.9,20.3
6.25,0.0,358.0,1.3,28.1,12.0,20.1,90.0,32.0,57.0,11.3,2.3,20.3
7.23,0.0,355.0,1.5,30.4,15.4,23.8,79.0,31.0,51.0,13.1,2.8,21.7
7.25,0.0,351.0,1.7,33.7,17.8,26.0,82.0,30.0,50.0,14.7,2.2,23.0
7.68,0.0,356.0,1.5,34.1,17.4,26.7,85.0,25.0,44.0,13.4,2.2,23.0
7.85,0.0,358.0,1.2,30.9,15.8,24.1,73.0,22.0,40.0,9.8,2.7,22.7
6.9,0.0,357.0,1.2,31.4,13.9,23.1,79.0,22.0,43.0,9.9,1.9,22.3
6.9,0.0,326.0,1.3,31.5,15.1,23.8,73.0,28.0,45.0,11.2,2.1,22.2
7.46,0.0,358.0,1.4,31.2,15.7,23.6,77.0,24.0,47.0,11.7,2.9,22.1
7.18,0.0,350.0,1.5,35.3,17.0,26.9,77.0,24.0,41.0,12.7,1.6,22.1
7.72,0.0,349.0,1.6,38.3,19.8,29.5,77.0,21.0,39.0,14.3,1.8,22.5
8.0,0.0,350.0,1.6,39.2,20.1,30.2,76.0,20.0,37.0,14.0,2.1,22.8
8.56,0.0,358.0,1.2,35.9,19.2,27.6,58.0,15.0,32.0,9.3,3.1,22.8
7.59,0.0,365.0,0.9,32.9,15.4,24.8,58.0,13.0,28.0,4.9,2.2,22.3
7.19,0.0,362.0,1.2,33.1,14.7,24.2,75.0,14.0,38.0,9.0,2.1,22.0
7.11,0.0,356.0,1.2,32.9,14.7,24.3,74.0,19.0,41.0,10.2,2.1,21.9
7.56,0.0,356.0,1.3,35.6,16.2,26.5,77.0,14.0,38.0,10.9,2.2,21.9
6.6,0.0,312.0,1.4,32.2,17.8,23.5,72.0,27.0,50.0,12.5,3.2,22.1
5.64,7.9,312.0,1.4,23.5,13.1,18.3,94.0,44.0,68.0,12.2,3.7,21.8
6.76,0.0,464.0,1.5,28.9,19.9,25.4,90.0,38.0,47.0,13.3,2.5,21.8
7.16,0.0,357.0,1.7,33.4,16.2,25.7,87.0,35.0,51.0,14.9,1.9,21.9
7.68,0.0,353.0,1.7,37.0,18.4,28.3,84.0,29.0,45.0,15.4,2.1,22.9
7.67,0.0,348.0,1.8,37.0,19.6,29.1,73.0,27.0,45.0,15.8,2.0,24.7
7.79,0.0,346.0,1.9,39.3,21.0,30.3,83.0,21.0,44.0,16.5,2.0,25.7
3.81,0.0,171.0,1.9,36.6,21.6,28.9,72.0,27.0,49.0,17.1,1.6,25.9
8.29,0.0,333.0,1.8,37.3,20.5,30.1,76.0,27.0,41.0,15.4,2.7,26.0
8.2,0.0,332.0,1.4,36.6,21.2,29.7,59.0,19.0,34.0,12.1,2.5,26.4
7.81,0.0,340.0,1.6,37.0,21.0,29.2,65.0,25.0,39.0,13.9,2.2,26.1
7.8,0.0,352.0,1.5,35.6,18.3,27.3,79.0,17.0,40.0,12.7,2.5,26.2
7.48,0.0,358.0,1.2,34.1,15.4,25.0,65.0,16.0,37.0,9.5,2.3,25.9
7.24,0.0,355.0,1.3,31.5,14.8,23.2,75.0,28.0,47.0,11.4,2.8,25.4
7.11,0.0,357.0,1.2,30.1,13.6,22.3,76.0,26.0,46.0,10.1,2.8,25.1
6.85,0.0,347.0,1.5,29.1,15.1,22.0,86.0,34.0,56.0,12.8,3.2,25.1
6.74,0.0,346.0,1.2,27.9,13.5,20.5,71.0,28.0,48.0,9.2,3.2,24.8
6.43,0.0,342.0,1.3,28.9,12.8,20.9,80.0,29.0,51.0,10.4,2.5,24.5
6.72,0.0,345.0,1.3,29.7,13.2,21.7,85.0,27.0,51.0,11.3,2.9,24.4
6.59,0.0,342.0,1.5,31.5,15.5,23.3,84.0,28.0,51.0,12.7,2.5,24.5
7.01,0.0,341.0,1.4,33.1,15.1,24.1,77.0,26.0,48.0,12.3,2.7,24.7
6.92,0.0,337.0,1.5,31.8,16.6,24.3,78.0,30.0,51.0,13.5,2.7,24.9
7.35,0.0,337.0,1.5,34.9,16.8,26.7,81.0,24.0,43.0,13.2,2.1,25.1
7.41,0.0,339.0,1.4,35.5,16.8,27.3,80.0,17.0,38.0,11.8,2.0,25.1
7.54,0.0,331.0,1.5,34.9,17.4,26.9,77.0,22.0,41.0,12.7,2.3,25.1
7.19,0.0,329.0,1.6,36.1,18.0,27.1,78.0,24.0,45.0,14.1,2.2,25.2
7.2,0.0,333.0,1.6,34.9,17.8,26.4,73.0,28.0,46.0,14.0,2.4,25.3
7.49,0.0,334.0,1.4,33.9,16.8,25.5,71.0,23.0,43.0,11.8,2.7,25.3
7.1,0.0,336.0,1.3,34.5,16.3,25.8,76.0,22.0,40.0,11.4,2.1,25.0
7.25,0.0,335.0,1.4,36.0,15.9,26.7,84.0,16.0,41.0,12.5,2.1,24.9
7.28,0.0,407.0,1.5,36.0,24.9,31.6,75.0,23.0,31.0,12.6,2.5,25.3
7.23,0.0,313.0,1.6,36.2,19.5,28.3,71.0,26.0,41.0,13.7,2.1,25.3
7.03,0.0,307.0,1.6,35.4,19.0,27.3,71.0,29.0,45.0,14.4,2.3,25.5
5.47,0.0,245.0,1.8,35.0,19.7,26.6,68.0,30.0,52.0,15.9,2.1,25.4
6.57,0.0,311.0,1.7,38.1,17.8,27.1,75.0,22.0,47.0,14.9,2.0,25.4
6.71,0.0,328.0,1.4,40.1,17.3,27.0,69.0,14.0,39.0,11.8,1.7,25.3
7.11,0.0,329.0,1.4,36.3,17.0,26.5,69.0,18.0,39.0,11.5,2.0,25.2
6.7,0.0,332.0,1.4,32.8,14.5,23.8,82.0,25.0,47.0,11.8,2.5,25.1
6.61,0.0,325.0,1.5,34.1,15.8,24.8,84.0,23.0,47.0,12.7,2.0,25.0
6.98,0.0,321.0,1.5,35.3,16.2,26.2,85.0,21.0,44.0,13.0,2.1,25.0
6.92,0.0,325.0,1.5,34.3,16.1,25.4,87.0,20.0,45.0,12.7,2.3,25.1
6.83,0.0,325.0,1.4,35.2,15.1,25.8,87.0,19.0,43.0,12.2,2.1,25.0
6.82,0.0,326.0,1.3,35.3,15.0,25.8,84.0,13.0,39.0,10.7,1.9,24.8
6.79,0.0,324.0,1.3,35.5,15.4,25.7,86.0,16.0,40.0,11.3,1.8,25.3
6.57,0.0,322.0,1.5,33.9,15.4,25.1,82.0,22.0,46.0,12.5,2.2,25.2
6.51,0.0,306.0,1.5,34.0,15.7,25.0,76.0,24.0,47.0,12.8,1.9,25.2
6.37,0.0,303.0,1.6,36.3,16.8,26.6,90.0,21.0,45.0,13.6,1.6,25.7
7.71,0.0,310.0,1.1,35.3,17.7,26.6,60.0,16.0,33.0,8.9,2.8,26.3
6.66,0.0,321.0,1.1,34.5,14.6,25.3,71.0,17.0,35.0,8.9,1.9,25.6
6.59,0.0,320.0,1.2,34.7,14.6,25.4,79.0,16.0,38.0,10.2,1.9,25.3
6.83,0.0,302.0,1.4,34.4,15.1,25.7,81.0,19.0,41.0,11.5,2.2,25.0
6.65,0.0,309.0,1.4,34.4,16.0,26.0,78.0,20.0,40.0,11.5,1.9,25.0
6.34,0.0,313.0,1.3,33.9,16.3,25.3,71.0,19.0,39.0,10.4,1.7,24.8
6.03,0.0,310.0,1.4,32.6,14.4,23.4,87.0,25.0,49.0,12.2,2.0,24.5
5.76,0.0,306.0,1.5,32.7,14.5,23.1,85.0,26.0,52.0,12.8,1.9,24.4
6.11,0.0,294.0,1.5,33.2,15.3,24.2,86.0,25.0,49.0,12.7,2.1,24.3
6.24,0.0,293.0,1.5,35.7,16.4,26.6,81.0,23.0,42.0,12.8,1.5,24.2
6.83,0.0,291.0,1.5,36.6,17.4,27.9,83.0,19.0,39.0,12.8,2.1,24.4
6.47,0.0,294.0,1.4,35.6,17.2,26.6,68.0,25.0,41.0,12.3,1.9,24.4
5.26,0.0,243.0,1.7,37.0,17.4,27.6,84.0,27.0,47.0,15.1,1.3,24.3
6.25,0.0,282.0,1.6,38.8,21.2,29.1,62.0,21.0,40.0,14.0,1.6,24.7
6.44,0.0,288.0,1.5,36.8,18.2,27.5,76.0,23.0,41.0,13.1,1.8,24.6
6.38,0.0,293.0,1.5,36.5,16.2,26.7,81.0,19.0,42.0,12.6,1.8,24.4
6.15,0.0,292.0,1.3,34.7,16.2,25.3,71.0,22.0,41.0,11.2,1.9,24.1
5.7,0.0,289.0,1.4,34.9,14.7,24.1,82.0,19.0,45.0,11.4,1.7,24.5
5.8,0.0,283.0,1.5,33.9,15.1,24.7,90.0,25.0,48.0,12.9,1.6,24.4
5.9,0.0,282.0,1.5,35.6,15.8,25.7,90.0,21.0,45.0,12.9,1.5,24.2
5.7,0.0,276.0,1.5,36.6,15.8,25.9,86.0,20.0,45.0,13.2,1.4,23.9
6.03,0.0,280.0,1.4,36.6,15.5,26.0,87.0,18.0,42.0,12.0,1.7,23.7
5.8,0.0,274.0,1.4,34.4,14.8,25.0,78.0,25.0,44.0,12.0,1.9,23.5
5.57,0.0,268.0,1.4,34.9,14.8,24.9,86.0,24.0,45.0,12.1,1.5,23.2
6.0,0.0,262.0,1.4,36.8,17.2,26.8,85.0,21.0,40.0,12.1,1.9,23.4
6.24,0.3,269.0,1.2,34.3,16.0,26.0,79.0,20.0,35.0,9.5,2.1,23.6
5.16,0.0,247.0,1.4,34.5,17.2,25.6,70.0,26.0,43.0,12.1,1.5,23.1
5.34,0.0,215.0,1.5,35.2,20.5,27.6,67.0,23.0,42.0,13.4,2.1,23.3
2.39,0.3,106.0,1.8,28.2,20.5,23.5,79.0,47.0,61.0,15.4,2.3,23.3
4.84,0.0,259.0,1.7,30.8,16.8,24.0,85.0,35.0,57.0,15.0,1.8,22.9
4.8,0.0,245.0,1.6,33.5,16.6,24.5,89.0,32.0,54.0,14.5,1.4,23.1
5.0,0.0,246.0,1.5,33.1,16.7,25.3,82.0,28.0,48.0,13.4,1.5,22.9
5.31,0.0,243.0,1.4,33.1,16.6,24.7,77.0,26.0,46.0,12.5,2.3,22.9
4.87,0.0,252.0,1.3,28.6,13.6,20.9,81.0,26.0,51.0,10.3,2.2,22.5
4.66,0.0,253.0,1.3,29.3,11.9,20.4,82.0,31.0,53.0,10.4,1.7,21.6
4.77,0.0,247.0,1.4,31.9,13.0,22.4,91.0,29.0,53.0,12.3,1.4,21.4
5.03,0.0,241.0,1.5,33.9,14.7,24.4,87.0,26.0,48.0,12.7,1.5,21.7
5.05,0.0,238.0,1.5,34.6,15.2,25.3,86.0,25.0,47.0,13.4,1.5,22.4
5.17,0.0,234.0,1.5,35.0,17.4,26.2,83.0,25.0,45.0,13.2,1.7,23.2
4.87,0.0,230.0,1.6,36.8,17.0,26.5,85.0,24.0,45.0,13.6,1.3,23.6
5.0,0.0,231.0,1.6,37.6,17.8,27.3,81.0,21.0,44.0,14.0,1.6,23.9
5.56,0.0,212.0,1.4,34.2,17.7,26.7,64.0,22.0,40.0,12.0,2.7,24.2
4.22,0.0,217.0,1.4,25.6,14.1,19.3,82.0,38.0,62.0,12.0,3.2,23.6
4.02,0.0,230.0,1.5,27.0,13.3,20.1,86.0,42.0,63.0,12.8,1.9,23.2
4.25,0.0,221.0,1.5,30.4,14.2,22.4,88.0,35.0,56.0,13.3,1.5,23.0
4.2,0.0,214.0,1.6,33.7,16.1,24.3,86.0,29.0,53.0,14.0,1.2,23.2
4.36,0.0,219.0,1.7,35.8,17.0,25.5,88.0,26.0,51.0,14.6,1.5,23.4
4.1,0.0,209.0,1.6,32.1,17.0,23.4,84.0,33.0,56.0,14.2,1.8,23.5
4.25,0.0,217.0,1.4,29.8,14.3,21.2,83.0,29.0,54.0,11.6,2.4,23.3
3.79,0.0,210.0,1.4,29.2,14.3,20.7,85.0,35.0,58.0,12.2,2.0,23.0
3.78,0.0,190.0,1.2,26.0,13.0,18.4,80.0,34.0,55.0,9.2,2.5,22.7
2.34,0.0,131.0,1.3,22.7,14.5,18.3,83.0,47.0,62.0,11.0,1.6,22.2
2.35,24.4,147.0,1.2,18.7,10.0,13.9,94.0,50.0,77.0,10.0,3.1,21.1
2.46,0.1,168.0,1.1,18.3,8.8,13.1,93.0,47.0,70.0,7.7,1.5,20.6
2.82,0.1,205.0,1.1,20.0,7.3,13.1,96.0,43.0,73.0,8.4,1.3,20.1
3.3,0.0,215.0,1.2,23.2,8.8,15.7,95.0,39.0,67.0,9.6,1.2,20.0
3.43,0.1,210.0,1.3,25.3,9.5,17.2,96.0,36.0,64.0,10.5,1.1,20.0
3.23,0.1,177.0,1.4,25.7,10.3,18.4,94.0,38.0,65.0,11.6,1.6,20.1
4.02,0.0,205.0,1.7,27.5,14.3,20.5,94.0,46.0,70.0,14.7,2.8,20.6
3.17,0.0,243.0,1.7,27.9,16.0,22.6,95.0,46.0,63.0,15.1,1.2,21.2
3.31,0.1,196.0,1.7,29.6,13.8,21.0,95.0,42.0,69.0,15.1,1.1,21.1
2.8,0.1,166.0,1.8,30.6,14.0,21.5,95.0,41.0,71.0,15.9,1.0,21.2
2.76,0.1,165.0,1.8,31.4,14.3,21.8,95.0,39.0,69.0,15.8,1.1,21.3
3.35,0.0,189.0,1.6,28.6,13.9,20.6,92.0,39.0,65.0,13.9,1.9,21.4
3.01,0.1,190.0,1.6,29.3,12.8,19.7,95.0,37.0,71.0,14.2,1.0,21.3
3.05,0.1,184.0,1.6,31.7,12.7,21.2,95.0,33.0,65.0,14.3,1.1,21.2
3.16,0.0,184.0,1.5,25.4,14.2,19.0,90.0,45.0,68.0,12.9,2.4,21.2
2.92,0.0,183.0,1.5,26.8,11.6,18.6,95.0,43.0,71.0,13.2,1.2,20.9
2.86,0.1,178.0,1.6,26.2,11.9,18.6,96.0,46.0,72.0,13.5,1.3,20.7
2.86,0.1,179.0,1.5,28.5,11.6,19.1,95.0,38.0,70.0,13.4,1.0,20.6
2.92,0.1,181.0,1.5,29.8,11.8,19.6,94.0,32.0,64.0,12.7,1.0,20.5
2.55,0.1,153.0,1.4,29.6,11.4,19.3,93.0,32.0,64.0,12.2,1.1,20.4
2.71,0.0,165.0,1.2,22.5,12.2,16.5,89.0,36.0,66.0,10.0,2.4,20.2
2.41,0.0,169.0,1.0,21.1,8.4,13.9,89.0,38.0,65.0,7.3,1.2,19.6
2.68,0.0,174.0,0.9,24.3,7.1,14.3,94.0,19.0,55.0,5.5,1.0,19.1
2.75,0.1,172.0,0.9,24.7,5.5,14.3,90.0,28.0,56.0,5.6,1.1,18.6
2.52,0.0,166.0,1.0,24.5,5.4,13.8,93.0,34.0,65.0,7.3,1.1,18.4
2.59,0.2,168.0,1.1,26.2,6.0,15.1,94.0,28.0,61.0,7.7,0.9,18.2
2.57,0.1,162.0,1.1,25.8,6.9,15.2,93.0,32.0,63.0,8.2,1.1,18.2
2.69,0.0,162.0,1.0,22.0,7.6,13.6,92.0,34.0,64.0,7.0,1.7,18.1
2.77,0.0,161.0,0.8,23.9,5.5,13.4,94.0,17.0,51.0,3.6,1.3,17.7
3.06,1.5,148.0,0.8,23.6,4.1,13.5,92.0,19.0,49.0,3.0,2.4,17.2
1.91,0.0,128.0,0.8,14.6,4.8,8.8,95.0,45.0,73.0,4.2,2.5,17.1
1.24,1.8,99.0,0.8,14.1,0.3,7.6,96.0,47.0,72.0,3.0,1.4,16.3
1.55,5.2,129.0,0.9,14.9,3.9,9.3,94.0,49.0,76.0,5.3,1.6,16.2
1.88,0.2,155.0,0.8,14.2,1.1,7.3,96.0,52.0,79.0,3.9,1.1,15.8
1.98,0.2,155.0,0.8,16.7,1.1,8.2,96.0,42.0,74.0,3.8,1.0,15.4
2.05,0.1,149.0,0.8,18.3,0.7,9.4,96.0,35.0,67.0,3.5,1.3,15.1
1.86,0.0,124.0,0.7,22.2,2.0,11.2,94.0,22.0,55.0,2.4,1.0,15.0
0.86,2.3,32.0,0.9,17.7,9.0,12.8,88.0,34.0,63.0,5.9,2.2,15.2
1.62,0.3,117.0,1.1,17.7,8.3,12.6,94.0,58.0,78.0,8.8,1.8,15.6
1.7,0.1,131.0,1.2,18.9,8.0,12.5,95.0,55.0,80.0,9.1,1.3,15.8
1.61,0.0,118.0,1.2,18.5,7.4,12.9,96.0,57.0,78.0,9.2,1.5,16.0
1.79,0.1,135.0,1.1,18.9,5.0,11.5,96.0,54.0,81.0,8.3,1.2,15.8
1.77,0.2,133.0,1.0,20.3,4.9,11.5,96.0,44.0,76.0,7.4,0.9,15.6
1.73,0.1,130.0,1.1,20.7,4.8,11.7,96.0,50.0,79.0,8.1,0.9,15.5
0.75,0.2,49.0,0.9,14.9,5.9,9.9,96.0,51.0,76.0,6.0,1.9,15.1
1.83,0.1,134.0,0.8,15.5,3.1,8.9,94.0,41.0,66.0,2.9,2.1,14.7
0.75,7.6,56.0,0.9,12.4,3.1,8.7,95.0,68.0,84.0,6.1,2.5,14.4
1.39,0.3,127.0,0.9,14.6,2.9,7.5,96.0,63.0,87.0,5.5,1.2,14.1
1.5,0.2,132.0,0.9,16.1,1.7,7.8,96.0,53.0,83.0,5.0,1.0,13.9
1.73,0.2,131.0,0.9,19.8,1.1,9.6,96.0,40.0,76.0,5.6,1.3,13.7
1.78,0.0,122.0,1.0,18.6,5.1,11.8,93.0,45.0,73.0,7.0,2.0,14.1
1.23,0.1,107.0,1.1,16.4,6.2,10.3,96.0,59.0,86.0,8.1,1.6,14.5
1.44,0.3,124.0,1.0,17.8,3.6,9.8,96.0,57.0,84.0,7.2,0.9,14.4
1.37,0.2,117.0,1.0,19.1,2.5,9.2,96.0,52.0,85.0,6.8,1.0,14.1
0.76,0.1,82.0,1.0,12.5,5.7,8.5,97.0,82.0,94.0,7.6,1.5,14.1
0.11,0.1,32.0,1.0,10.1,7.4,8.6,97.0,87.0,93.0,7.6,1.3,14.3
0.16,0.1,20.0,0.9,9.9,2.9,7.1,94.0,46.0,88.0,5.1,2.1,14.2
4.64,0.0,163.0,0.5,20.1,1.5,11.8,85.0,11.0,39.0,-1.8,4.7,13.6
1.33,0.0,97.0,0.6,14.7,0.2,6.2,87.0,34.0,65.0,0.1,1.6,13.0
1.45,0.1,123.0,0.6,14.7,-2.9,5.1,93.0,35.0,69.0,-0.2,1.1,12.5
1.34,0.0,110.0,0.5,13.9,-2.3,4.8,91.0,33.0,63.0,-1.7,1.2,12.0
1.6,0.1,122.0,0.5,15.5,-2.5,5.4,91.0,24.0,57.0,-2.4,1.1,11.7
1.57,0.0,124.0,0.5,15.7,-2.8,5.2,92.0,25.0,57.0,-2.5,1.0,11.4
1.56,0.1,122.0,0.5,15.0,-2.4,5.1,93.0,30.0,60.0,-1.9,1.1,11.2
1.43,0.0,119.0,0.6,14.7,-3.0,4.9,94.0,34.0,66.0,-0.9,1.1,11.0
1.44,0.1,118.0,0.6,17.8,-2.1,5.8,94.0,31.0,65.0,-0.3,0.9,10.9
1.17,0.1,101.0,0.6,18.2,-1.9,5.2,94.0,30.0,68.0,-0.2,0.9,10.7
1.1,0.1,95.0,0.6,14.0,-1.1,5.0,92.0,44.0,72.0,0.5,1.0,10.7
0.84,0.0,64.0,0.7,12.9,-0.5,6.1,94.0,49.0,72.0,1.5,1.1,10.7
1.35,0.0,109.0,0.7,14.3,0.7,6.7,94.0,42.0,71.0,1.9,1.2,10.9
1.35,0.1,110.0,0.7,14.3,-1.6,5.4,95.0,42.0,73.0,0.9,1.1,10.7
1.1,0.0,85.0,0.8,13.2,0.4,6.5,94.0,55.0,78.0,2.9,2.0,10.7
0.67,0.1,75.0,0.7,12.3,-1.2,4.0,97.0,58.0,89.0,2.3,1.3,10.6
1.29,0.1,114.0,0.7,14.1,-3.0,4.9,97.0,49.0,80.0,1.8,1.2,10.4
1.51,0.2,115.0,0.7,15.8,-0.8,6.8,95.0,40.0,71.0,1.8,1.3,10.4
1.13,0.1,106.0,0.7,13.2,-2.8,4.8,97.0,51.0,80.0,1.7,1.2,10.2
1.22,0.1,106.0,0.7,13.7,-2.7,5.2,97.0,53.0,80.0,2.1,1.3,10.2
1.36,0.1,109.0,0.7,14.0,-1.5,5.3,96.0,48.0,77.0,1.7,1.3,10.1
1.07,0.1,103.0,0.7,13.9,-3.5,4.1,97.0,52.0,82.0,1.3,1.0,9.9
1.14,0.2,101.0,0.6,13.5,-3.4,4.3,97.0,45.0,76.0,0.4,1.1,9.7
1.25,0.1,111.0,0.6,14.8,-3.3,4.0,95.0,32.0,70.0,-1.1,1.0,9.5
1.46,0.1,113.0,0.6,15.5,-4.3,4.4,94.0,32.0,66.0,-1.4,1.1,9.3
1.34,0.0,111.0,0.6,15.9,-3.8,4.7,95.0,34.0,68.0,-0.7,1.0,9.2
1.27,0.1,107.0,0.6,13.1,-3.6,3.9,95.0,41.0,72.0,-0.7,1.3,9.1
1.34,0.0,104.0,0.6,14.9,-1.7,5.9,94.0,38.0,67.0,0.3,1.2,9.2
1.17,0.0,89.0,0.7,15.4,1.0,7.1,89.0,41.0,68.0,1.5,1.1,9.5
1.15,0.1,90.0,0.7,15.3,-1.0,6.6,94.0,44.0,75.0,2.5,1.2,9.6
0.65,0.0,66.0,0.8,14.3,1.1,6.7,96.0,66.0,86.0,4.5,0.9,9.7
1.38,0.1,114.0,0.7,19.5,-1.7,6.7,97.0,37.0,75.0,2.5,1.0,9.7
1.57,0.1,90.0,0.7,19.2,-0.3,9.0,94.0,32.0,65.0,2.7,1.7,9.7
0.9,0.2,88.0,0.9,13.7,0.9,6.6,97.0,67.0,91.0,5.2,1.3,10.0
1.39,0.1,108.0,0.9,16.1,-0.1,7.6,97.0,53.0,81.0,4.7,1.3,10.0
1.41,0.2,109.0,0.9,18.3,1.9,8.8,96.0,45.0,76.0,4.8,1.1,10.2
1.46,0.1,107.0,0.8,17.3,0.7,8.6,96.0,44.0,75.0,4.3,1.3,10.2
1.1,0.1,98.0,0.8,13.4,-0.3,5.9,96.0,57.0,84.0,3.4,1.3,10.1
1.45,0.2,111.0,0.7,17.3,-0.9,7.2,96.0,36.0,71.0,2.4,1.2,9.9
1.57,0.0,119.0,0.7,20.1,-1.2,7.7,94.0,29.0,64.0,1.2,0.9,9.8
1.63,0.1,113.0,0.6,18.7,-1.0,8.2,92.0,30.0,59.0,0.8,1.0,9.8
1.42,0.1,103.0,0.7,17.4,-0.4,7.1,91.0,34.0,67.0,1.3,1.1,9.7
1.56,0.1,120.0,0.7,17.7,-1.3,6.9,94.0,36.0,67.0,1.2,1.0,9.6
1.71,0.1,122.0,0.6,20.0,-1.7,7.9,94.0,22.0,58.0,0.1,1.1,9.5
1.67,0.0,120.0,0.6,19.5,-1.8,7.7,93.0,24.0,55.0,-0.7,1.1,9.4
1.74,0.0,92.0,0.6,18.9,0.7,8.7,86.0,19.0,50.0,-1.1,2.1,9.5
1.65,0.0,129.0,0.5,10.7,-1.9,4.5,85.0,26.0,55.0,-3.7,1.9,9.5
1.53,0.0,129.0,0.4,11.7,-4.3,3.1,87.0,26.0,55.0,-5.1,1.1,8.9
1.64,0.0,125.0,0.5,13.7,-3.7,4.4,90.0,29.0,55.0,-3.7,1.1,8.7
1.25,0.0,76.0,0.5,11.9,-2.4,5.7,89.0,35.0,56.0,-2.5,1.5,8.6
1.05,3.1,39.0,0.8,14.5,6.8,10.5,92.0,34.0,62.0,3.6,2.7,9.3
1.57,18.8,112.0,1.0,14.4,3.0,10.1,94.0,59.0,84.0,7.5,3.2,10.4
0.89,0.8,63.0,0.8,12.2,2.3,8.0,95.0,61.0,79.0,4.5,1.9,9.9
1.06,13.3,77.0,1.1,15.9,6.2,10.3,94.0,69.0,86.0,8.0,3.3,10.4
0.51,0.2,58.0,0.9,11.0,2.7,6.9,96.0,81.0,92.0,5.7,1.3,10.3
1.51,0.1,127.0,0.9,15.3,1.7,8.4,97.0,62.0,84.0,5.8,1.0,10.1
1.34,0.0,130.0,1.2,16.3,13.1,14.3,96.0,67.0,75.0,10.0,1.1,10.9
0.31,0.1,43.0,1.2,13.8,10.3,11.7,96.0,81.0,90.0,10.1,2.0,11.5
1.91,0.0,143.0,1.1,19.1,5.5,12.3,94.0,47.0,74.0,7.8,1.1,11.9
1.88,0.2,142.0,0.9,18.9,2.5,9.7,96.0,46.0,78.0,6.1,1.1,11.5
1.18,0.3,90.0,1.0,16.2,2.7,10.0,96.0,57.0,81.0,6.9,1.2,11.1
1.69,0.1,125.0,1.0,17.1,4.6,10.8,96.0,54.0,79.0,7.4,1.5,11.4
2.25,0.1,151.0,1.0,17.9,4.8,10.7,95.0,52.0,77.0,6.8,2.6,11.4
0.93,0.2,86.0,1.0,13.8,4.1,8.4,96.0,67.0,89.0,6.6,1.8,11.3
2.1,0.2,162.0,0.7,18.9,0.9,9.0,96.0,27.0,62.0,2.1,1.2,10.8
2.38,0.0,163.0,0.6,19.8,0.1,9.6,93.0,22.0,52.0,0.1,1.2,10.5
2.23,0.0,163.0,0.6,20.1,0.1,9.6,93.0,23.0,52.0,0.2,1.0,10.3
1.54,0.0,91.0,0.7,18.9,2.2,10.6,87.0,26.0,51.0,0.9,1.3,10.1
1.5,0.0,44.0,0.8,18.9,9.7,14.0,72.0,27.0,47.0,2.9,1.9,10.6
2.28,0.0,164.0,0.9,19.7,5.5,12.1,92.0,40.0,66.0,6.0,1.5,10.9
2.14,0.0,173.0,1.0,21.5,0.0,15.8,95.0,38.0,56.0,6.9,1.2,11.1
2.49,0.1,165.0,1.0,22.7,4.3,13.3,95.0,34.0,66.0,7.1,1.7,11.0
1.28,1.1,87.0,1.0,16.0,8.0,11.6,92.0,56.0,77.0,7.6,3.1,11.5
1.39,0.9,116.0,1.0,16.5,5.4,10.1,97.0,55.0,80.0,6.8,1.4,11.3
1.11,5.3,97.0,0.9,12.5,4.5,8.9,95.0,60.0,83.0,6.2,2.3,11.5
1.14,0.1,103.0,0.8,12.7,2.3,7.2,95.0,54.0,80.0,4.0,1.4,11.2
2.01,3.2,152.0,0.8,12.9,3.5,8.3,94.0,48.0,73.0,3.7,2.5,11.0
2.32,0.1,184.0,0.7,15.7,0.3,7.7,95.0,37.0,68.0,2.2,1.4,10.7
2.38,0.1,177.0,0.8,19.1,1.1,9.5,96.0,38.0,67.0,3.7,1.1,10.4
1.97,0.1,136.0,0.9,17.3,2.1,10.2,95.0,47.0,72.0,5.4,2.0,10.4
2.26,0.0,165.0,0.7,14.6,2.8,8.3,88.0,34.0,64.0,1.9,2.3,10.8
2.53,0.0,178.0,0.8,16.5,3.4,9.5,91.0,33.0,63.0,2.9,1.7,10.5
1.96,0.0,148.0,0.8,16.7,2.8,9.6,95.0,44.0,70.0,4.4,1.2,10.5
2.29,0.0,164.0,0.9,19.6,2.2,11.0,94.0,43.0,69.0,5.4,1.2,10.5
2.67,0.0,227.0,1.0,20.6,7.9,15.3,96.0,43.0,60.0,7.6,1.5,10.7
3.2,0.1,190.0,0.9,25.3,4.7,14.3,95.0,25.0,57.0,5.9,1.5,10.8
3.86,0.0,203.0,0.7,18.0,4.8,11.8,75.0,31.0,50.0,1.6,4.5,11.1
2.83,0.0,185.0,0.6,15.7,-0.5,8.6,87.0,30.0,53.0,-0.5,1.8,10.7
1.56,1.0,116.0,0.7,11.8,3.3,8.4,93.0,44.0,64.0,2.0,2.1,10.7
2.18,0.1,173.0,0.7,13.6,0.8,7.5,97.0,42.0,70.0,2.5,1.4,10.5
1.95,3.6,109.0,0.9,14.5,5.9,9.5,94.0,46.0,72.0,4.7,3.2,10.5
2.61,0.0,186.0,0.8,15.2,3.3,8.7,92.0,47.0,73.0,4.2,2.4,10.8
1.44,0.0,132.0,0.9,14.8,4.9,8.0,96.0,50.0,81.0,5.0,1.4,10.8
3.04,0.2,215.0,0.8,22.1,1.2,10.8,96.0,24.0,59.0,3.2,1.0,10.9
3.37,0.0,218.0,0.8,24.3,2.7,12.9,93.0,25.0,54.0,3.9,1.1,11.2
3.5,0.0,209.0,0.9,25.5,3.8,14.4,94.0,25.0,53.0,4.9,1.3,11.4
4.07,0.0,166.0,0.6,14.0,4.4,9.9,78.0,21.0,47.0,-0.9,5.0,11.4
3.37,0.0,229.0,0.5,22.2,0.0,10.5,80.0,16.0,41.0,-2.1,1.2,10.7
3.76,0.0,232.0,0.6,24.3,1.9,13.1,88.0,16.0,40.0,-0.3,1.2,10.8
3.85,0.0,218.0,0.7,23.6,1.5,12.9,87.0,18.0,44.0,0.9,1.9,11.0
3.12,0.0,195.0,0.9,17.9,6.3,11.9,93.0,41.0,64.0,5.2,2.7,11.4
3.45,0.0,213.0,0.9,19.9,4.7,12.6,93.0,35.0,58.0,4.6,1.8,11.6
3.45,0.0,190.0,0.9,20.1,6.4,14.3,78.0,36.0,54.0,5.0,2.4,11.9
3.48,0.0,185.0,1.0,21.8,11.7,16.2,83.0,35.0,54.0,6.9,2.6,12.4
3.71,0.0,210.0,1.2,23.5,12.2,17.2,82.0,40.0,63.0,10.0,2.5,13.1
1.87,7.7,116.0,1.3,19.7,11.2,15.2,91.0,55.0,74.0,10.6,2.5,13.3
2.27,36.5,151.0,1.0,14.2,4.9,9.0,93.0,53.0,83.0,6.3,4.3,13.0
1.85,2.7,155.0,0.8,11.4,2.8,6.3,93.0,63.0,81.0,3.2,2.2,12.3
2.86,0.1,221.0,0.7,12.6,1.3,7.4,95.0,42.0,65.0,1.3,1.3,12.0
3.46,0.0,248.0,0.8,18.0,3.4,10.6,91.0,36.0,62.0,3.7,1.3,12.0
3.77,0.1,252.0,1.0,22.9,5.3,14.0,94.0,36.0,63.0,7.1,1.3,12.2
2.35,0.0,134.0,1.2,19.4,10.0,14.5,93.0,45.0,70.0,9.2,2.5,12.8
3.98,0.0,247.0,0.8,17.7,6.5,11.9,84.0,36.0,54.0,2.9,2.8,12.9
4.54,0.0,259.0,0.8,21.3,4.5,13.2,89.0,27.0,54.0,4.1,2.6,13.1
1.07,7.8,94.0,1.0,13.4,4.7,9.7,94.0,65.0,81.0,6.7,2.4,13.7
3.19,1.2,218.0,1.0,16.3,6.9,11.4,88.0,53.0,71.0,6.2,2.6,13.4
2.8,0.0,148.0,1.0,17.4,9.3,13.5,84.0,49.0,62.0,6.4,2.8,13.4
3.92,0.3,221.0,1.1,21.3,11.2,15.2,85.0,44.0,65.0,8.8,2.6,13.8
3.71,0.0,218.0,1.1,20.3,8.2,14.3,93.0,46.0,68.0,8.5,2.3,15.0
3.87,0.0,243.0,1.2,23.9,7.1,15.3,96.0,40.0,67.0,9.3,1.4,15.8
2.77,8.5,160.0,1.1,20.6,7.2,11.9,94.0,44.0,78.0,8.2,3.2,15.5
4.02,3.5,250.0,0.9,15.3,6.3,10.5,95.0,48.0,68.0,4.9,4.0,14.7
3.85,0.0,267.0,0.9,19.4,2.5,11.3,93.0,40.0,67.0,5.4,1.6,14.3
4.05,0.0,259.0,1.1,21.3,6.7,14.7,94.0,40.0,63.0,7.7,1.6,14.5
3.88,0.0,196.0,0.8,15.6,7.8,11.5,81.0,28.0,56.0,3.1,5.1,14.6
4.54,0.0,295.0,0.6,14.9,4.1,9.0,81.0,26.0,53.0,-0.1,4.0,14.0
4.11,0.0,294.0,0.6,17.8,1.0,9.5,91.0,27.0,50.0,-0.3,1.5,13.6
4.38,0.0,292.0,0.7,25.7,1.9,12.7,91.0,20.0,49.0,2.1,1.0,13.3
5.08,0.0,291.0,0.7,27.4,4.5,16.1,92.0,13.0,41.0,2.8,1.6,13.5
4.98,0.0,282.0,0.8,27.5,6.3,16.8,84.0,17.0,41.0,3.5,1.6,13.8
4.34,0.0,236.0,0.8,21.7,6.6,14.8,79.0,26.0,50.0,4.6,2.6,13.9
1.26,13.6,110.0,1.2,13.8,6.1,10.8,95.0,77.0,89.0,9.1,2.4,14.0
2.35,1.9,143.0,1.0,16.0,6.5,11.7,96.0,59.0,75.0,7.5,3.6,13.6
0.51,53.8,58.0,1.0,12.6,7.1,8.9,93.0,73.0,88.0,7.0,3.0,12.6
3.34,1.6,237.0,1.0,15.6,6.9,10.9,93.0,58.0,75.0,6.7,2.9,12.3
4.26,0.0,278.0,1.1,20.4,10.5,14.8,87.0,48.0,66.0,8.5,1.7,13.2
4.84,0.0,289.0,1.2,24.0,9.0,16.4,95.0,46.0,66.0,10.1,1.8,13.7
4.9,0.0,292.0,1.2,25.3,8.3,17.3,88.0,34.0,59.0,9.4,1.6,14.1
5.45,0.0,297.0,1.1,23.1,10.0,16.9,83.0,33.0,59.0,8.9,3.0,14.4
4.92,0.0,295.0,1.5,24.3,10.4,18.0,91.0,52.0,71.0,12.6,1.9,14.7
5.26,0.0,297.0,1.7,30.4,13.0,21.4,92.0,40.0,68.0,15.2,1.4,15.4
1.73,0.0,297.0,1.9,33.9,14.6,23.7,96.0,37.0,65.0,16.6,1.1,17.2
1.8,0.0,299.0,1.8,34.0,15.0,24.5,92.0,36.0,59.0,16.0,1.5,18.1
5.38,0.0,293.0,1.7,26.8,15.0,20.6,91.0,52.0,70.0,14.9,2.6,18.1
4.03,0.0,244.0,1.4,24.1,12.4,18.3,86.0,50.0,68.0,12.2,1.8,18.2
2.4,3.0,141.0,1.6,24.7,14.6,18.6,92.0,52.0,75.0,14.2,2.3,18.2
2.87,2.1,161.0,1.4,20.8,10.7,16.1,95.0,55.0,75.0,11.7,3.4,18.1
5.08,0.0,316.0,1.0,20.5,7.6,14.2,88.0,42.0,61.0,6.8,2.9,17.5
5.14,0.0,310.0,1.1,24.9,8.1,17.1,92.0,35.0,58.0,8.9,1.3,17.4
5.65,0.0,309.0,1.4,28.6,11.2,20.4,94.0,35.0,58.0,11.8,1.4,17.7
4.35,0.0,304.0,1.3,31.3,12.4,22.3,92.0,24.0,48.0,10.9,2.0,18.0
6.33,0.0,323.0,1.0,25.7,12.2,18.9,77.0,26.0,48.0,7.6,3.4,18.3
5.64,0.0,311.0,0.9,25.3,8.0,16.7,77.0,22.0,46.0,5.1,2.1,17.8
6.29,0.0,331.0,0.9,24.3,8.7,17.0,77.0,22.0,48.0,5.8,3.3,17.9
6.12,0.0,327.0,1.1,22.9,11.0,16.9,93.0,31.0,57.0,8.4,3.9,19.2
5.56,0.0,332.0,0.9,24.2,8.0,16.4,87.0,26.0,50.0,6.1,2.2,18.7
6.02,0.0,327.0,1.0,27.3,9.6,19.1,83.0,27.0,45.0,7.1,1.6,19.4
6.3,0.0,330.0,1.0,30.1,11.0,21.4,81.0,15.0,38.0,6.5,2.1,20.1
2.26,0.0,332.0,1.0,32.5,11.5,22.7,74.0,15.0,35.0,6.6,1.8,20.9
1.92,0.0,333.0,1.0,34.6,12.1,24.3,77.0,13.0,32.0,6.6,1.8,21.4
6.64,0.0,340.0,1.0,29.7,14.1,22.2,70.0,18.0,38.0,7.3,2.8,21.5
5.67,0.0,337.0,1.0,31.2,12.4,22.1,76.0,17.0,38.0,7.3,1.5,21.1
1.89,0.0,331.0,1.1,33.1,12.8,23.9,83.0,20.0,38.0,8.8,1.6,21.5
2.29,0.0,311.0,1.2,34.4,13.1,23.7,81.0,21.0,40.0,9.3,2.5,21.9
6.43,0.0,347.0,1.1,26.3,11.1,18.7,81.0,30.0,49.0,7.8,3.2,21.8
5.95,0.0,337.0,1.1,27.5,11.7,20.0,80.0,25.0,47.0,8.4,2.0,21.8
4.53,0.0,329.0,1.3,31.6,13.1,23.2,83.0,27.0,45.0,10.6,1.9,21.9
4.46,0.0,332.0,0.9,31.8,13.4,22.5,64.0,11.0,34.0,6.1,3.4,22.0
6.53,0.0,346.0,1.0,27.8,10.0,19.3,79.0,18.0,43.0,6.4,2.4,21.6
5.14,0.0,336.0,1.0,31.2,11.8,22.7,73.0,20.0,35.0,6.3,2.0,21.4
1.96,0.0,328.0,1.1,33.9,13.0,24.6,74.0,19.0,35.0,8.1,1.8,21.5
3.61,0.0,340.0,1.2,31.9,16.0,24.0,66.0,21.0,39.0,9.1,3.5,21.7
7.45,0.0,356.0,1.2,29.7,15.6,22.5,80.0,17.0,42.0,9.1,4.6,21.8
8.74,0.0,363.0,0.9,27.5,14.5,20.8,65.0,18.0,38.0,6.2,5.5,21.5
7.57,0.0,363.0,0.9,27.7,12.9,19.8,67.0,14.0,39.0,5.3,3.9,21.2
5.4,0.0,308.0,0.8,19.2,8.7,13.6,70.0,31.0,49.0,3.0,3.5,20.7
5.36,0.0,301.0,0.9,22.6,10.1,15.6,76.0,31.0,52.0,5.9,2.8,20.1
6.52,0.0,362.0,1.0,25.5,9.2,17.8,86.0,27.0,48.0,6.8,2.8,20.1
6.81,0.0,358.0,1.0,27.7,11.7,20.4,75.0,20.0,41.0,6.7,2.5,20.6
6.76,0.0,354.0,1.1,29.3,12.2,20.9,72.0,28.0,45.0,8.4,2.7,20.5
7.36,0.0,348.0,1.2,31.3,14.6,23.3,70.0,20.0,41.0,9.2,2.7,20.8
7.25,0.0,341.0,1.3,33.9,14.5,25.8,81.0,25.0,40.0,11.3,1.8,22.2
7.66,0.0,341.0,1.4,37.4,16.6,28.1,82.0,16.0,36.0,11.8,1.8,22.8
9.23,0.0,357.0,1.3,32.9,18.5,25.5,65.0,26.0,39.0,10.5,4.7,22.9
7.44,0.0,352.0,1.1,32.4,13.9,24.1,62.0,23.0,36.0,8.3,2.8,22.5
7.01,0.0,318.0,1.3,27.5,12.2,19.6,73.0,44.0,58.0,11.0,5.0,22.4
7.71,0.0,378.0,0.8,21.7,9.8,15.9,79.0,27.0,46.0,4.2,5.5,21.4
6.77,0.0,367.0,0.9,25.9,10.1,18.4,78.0,24.0,43.0,5.7,2.8,21.0
7.78,0.0,360.0,1.0,30.0,11.0,22.0,74.0,18.0,38.0,7.1,3.1,20.9
8.34,0.0,365.0,1.0,29.6,14.7,22.0,75.0,11.0,38.0,7.1,4.3,21.2
8.0,0.0,379.0,0.8,27.0,11.2,19.3,68.0,16.0,37.0,4.1,4.1,20.9
7.11,0.0,368.0,0.9,31.5,10.6,21.9,74.0,15.0,33.0,5.0,1.9,20.7
7.56,0.0,359.0,0.9,34.9,12.2,25.0,79.0,13.0,30.0,6.1,1.8,20.8
8.08,0.0,358.0,1.1,35.9,13.4,26.6,80.0,14.0,32.0,8.3,2.5,22.0
7.52,0.0,358.0,1.3,32.2,16.5,24.9,66.0,26.0,42.0,11.2,2.7,22.7
7.81,0.0,345.0,1.4,33.8,17.2,26.3,78.0,24.0,42.0,12.4,2.3,22.8
7.48,0.0,344.0,1.3,33.4,15.8,25.1,65.0,25.0,40.0,10.7,2.7,23.1
7.38,0.0,339.0,1.6,37.5,18.0,28.3,77.0,20.0,41.0,14.0,1.6,23.9
8.27,0.0,355.0,1.4,40.4,21.4,30.6,73.0,11.0,31.0,11.7,2.5,24.6
8.2,0.0,353.0,1.2,35.2,17.9,27.4,73.0,13.0,32.0,9.2,2.4,25.2
8.28,0.0,379.0,1.0,31.9,15.8,25.1,55.0,17.0,31.0,6.7,2.8,24.4
7.5,0.0,361.0,1.2,34.6,15.2,25.9,75.0,19.0,37.0,9.9,1.9,23.8
8.36,0.0,362.0,1.2,33.0,16.3,25.3,78.0,19.0,38.0,9.8,3.1,23.2
7.28,0.0,375.0,1.0,27.9,11.4,20.4,79.0,20.0,43.0,7.3,3.0,22.7
7.05,0.0,370.0,1.3,26.1,14.4,20.1,81.0,35.0,54.0,10.5,3.7,22.6
6.93,0.0,373.0,1.0,26.6,12.2,19.4,70.0,30.0,47.0,7.7,3.3,22.2
7.51,0.0,371.0,1.0,26.4,12.9,19.6,62.0,30.0,42.0,6.4,4.0,22.0
7.09,0.0,375.0,1.1,27.3,12.6,20.3,81.0,28.0,46.0,8.2,3.2,21.8
7.04,0.0,365.0,1.1,31.3,13.3,23.3,73.0,21.0,37.0,7.9,1.8,21.9
7.71,0.0,364.0,1.1,33.0,14.4,25.0,59.0,20.0,34.0,8.0,2.5,21.9
7.64,0.0,363.0,1.3,31.2,15.8,23.8,65.0,28.0,43.0,10.4,3.2,22.1
7.6,0.0,367.0,1.5,31.3,15.2,24.1,78.0,31.0,50.0,13.0,3.2,22.3
7.44,0.0,359.0,1.7,31.1,18.2,24.5,82.0,34.0,54.0,14.6,3.6,22.6
7.16,0.0,353.0,1.5,34.1,16.3,25.3,82.0,22.0,46.0,13.0,2.3,22.6
7.44,0.0,356.0,1.3,33.7,16.6,25.5,66.0,19.0,39.0,10.5,2.4,22.8
7.57,0.0,351.0,1.3,36.2,17.2,26.9,75.0,17.0,36.0,10.5,2.0,23.0
7.61,0.0,473.0,1.2,33.3,19.9,28.2,60.0,24.0,32.0,9.9,3.1,23.2
7.62,0.0,353.0,1.2,33.9,14.9,25.3,69.0,22.0,37.0,9.8,2.5,23.2
7.77,0.0,350.0,1.2,36.0,16.9,27.5,62.0,22.0,34.0,10.1,2.1,23.3
8.01,0.0,352.0,1.3,36.4,17.3,27.8,64.0,20.0,34.0,10.3,2.4,23.5
8.27,0.0,351.0,1.1,36.4,16.7,27.5,63.0,15.0,31.0,8.9,2.7,23.7
7.74,0.0,347.0,1.3,37.4,17.8,28.6,54.0,18.0,32.0,10.4,1.9,23.8
7.78,0.0,335.0,1.5,39.5,18.6,30.0,76.0,19.0,36.0,13.5,1.7,24.1
6.93,0.0,294.0,1.7,42.0,20.6,30.5,73.0,17.0,38.0,14.5,1.7,24.4
7.8,0.0,322.0,1.3,38.9,20.9,29.6,59.0,13.0,30.0,10.3,2.3,24.6
7.18,0.0,358.0,1.2,35.6,16.0,25.3,74.0,13.0,38.0,9.9,2.1,24.3
6.94,0.0,352.0,1.3,35.6,15.2,25.7,83.0,17.0,40.0,11.1,1.6,24.3
7.41,0.0,350.0,1.3,32.7,16.4,24.4,76.0,20.0,42.0,10.8,2.6,24.2
6.51,0.0,352.0,1.3,28.8,13.8,21.0,78.0,33.0,52.0,10.8,2.7,24.1
5.44,0.0,288.0,1.4,29.7,14.2,22.2,78.0,21.0,51.0,11.5,1.8,23.0
3.62,0.0,175.0,1.7,34.9,19.1,25.0,80.0,27.0,53.0,14.7,1.8,23.4
7.49,0.0,339.0,1.4,33.6,17.4,25.8,66.0,29.0,43.0,12.2,2.8,23.8
7.39,0.0,337.0,1.6,36.4,18.0,28.3,72.0,27.0,40.0,13.6,1.9,24.2
7.31,0.0,324.0,1.5,39.6,19.5,29.6,78.0,18.0,36.0,13.1,1.7,24.6
7.36,0.0,323.0,1.3,37.1,20.8,28.4,72.0,15.0,33.0,10.6,1.8,24.9
7.03,0.0,353.0,1.1,35.3,17.0,26.1,70.0,11.0,32.0,8.1,1.4,24.6
7.1,0.0,344.0,1.2,34.9,15.2,25.5,82.0,15.0,38.0,10.1,2.0,24.3
7.15,0.0,344.0,1.4,32.9,15.5,24.8,78.0,26.0,44.0,11.8,2.3,24.3
7.17,0.0,349.0,1.2,32.3,14.8,23.9,74.0,22.0,41.0,10.0,2.4,24.3
7.22,0.0,352.0,1.2,33.7,15.2,24.9,80.0,17.0,39.0,10.1,2.2,24.3
7.2,0.0,350.0,1.3,33.5,15.6,25.2,73.0,22.0,40.0,10.7,2.1,24.3
7.32,0.0,344.0,1.3,35.5,15.4,26.4,81.0,17.0,38.0,11.0,1.8,24.3
7.55,0.0,340.0,1.3,37.8,16.8,27.8,80.0,15.0,34.0,10.7,1.9,24.3
7.62,0.0,343.0,1.2,37.8,17.0,28.0,80.0,13.0,31.0,9.5,1.9,24.4
7.36,0.0,340.0,1.2,37.8,15.9,27.6,77.0,11.0,32.0,9.2,1.8,24.4
6.6,0.0,294.0,1.4,35.6,16.8,26.7,76.0,20.0,39.0,11.6,1.7,24.3
6.11,0.0,278.0,1.4,34.0,19.1,25.8,71.0,24.0,43.0,12.4,2.3,24.7
6.76,0.0,336.0,1.6,34.0,15.8,24.8,83.0,27.0,51.0,13.8,2.2,24.6
7.07,0.0,330.0,1.4,34.7,17.0,25.9,70.0,20.0,42.0,11.9,2.4,24.9
7.54,0.0,326.0,1.4,35.4,16.6,27.1,77.0,20.0,38.0,11.6,2.3,25.0
7.25,0.0,320.0,1.2,36.4,18.8,28.0,51.0,22.0,33.0,10.1,1.9,25.1
7.41,0.0,318.0,1.5,38.0,19.1,29.5,80.0,16.0,36.0,12.8,1.9,25.3
7.46,0.0,314.0,1.5,39.0,19.6,30.2,78.0,18.0,36.0,13.5,1.8,25.5
7.16,0.0,308.0,1.8,40.5,20.7,31.0,79.0,21.0,39.0,15.5,1.6,25.7
4.56,0.0,197.0,1.8,37.7,22.4,29.7,73.0,26.0,44.0,16.2,1.4,26.0
7.15,0.0,306.0,1.7,39.3,21.3,30.5,78.0,21.0,39.0,14.9,1.8,26.0
6.92,0.0,290.0,1.6,40.6,22.8,31.0,68.0,18.0,37.0,14.5,1.8,26.2
7.17,0.0,306.0,1.6,38.0,20.7,29.6,65.0,28.0,39.0,14.2,2.1,26.2
6.88,0.0,311.0,1.4,36.3,19.2,27.9,63.0,23.0,38.0,12.4,2.0,26.0
7.43,0.0,309.0,1.1,37.3,19.7,28.8,46.0,17.0,28.0,8.6,2.2,25.8
6.74,1.6,256.0,1.4,35.6,20.9,28.4,74.0,23.0,35.0,11.5,2.4,25.8
7.17,0.0,316.0,1.2,35.4,20.2,27.9,56.0,20.0,32.0,9.7,2.4,25.7
6.9,0.0,320.0,1.2,36.5,15.1,26.6,78.0,13.0,35.0,10.0,1.8,25.4
6.81,0.0,290.0,1.3,35.9,17.3,27.1,75.0,18.0,37.0,11.1,2.1,25.1
6.75,0.0,312.0,1.3,34.7,17.7,26.6,70.0,17.0,37.0,10.8,2.1,25.1
6.74,0.0,312.0,1.4,36.0,16.2,26.6,83.0,18.0,40.0,11.8,2.0,25.0
6.8,0.0,305.0,1.4,35.7,17.6,27.2,80.0,21.0,39.0,11.9,2.2,25.0
6.63,0.0,303.0,1.3,34.6,17.2,25.9,68.0,19.0,38.0,10.6,2.2,25.0
6.41,0.0,320.0,1.2,31.6,14.5,22.9,77.0,22.0,43.0,9.8,2.4,25.1
6.04,0.0,316.0,1.3,33.0,13.1,23.0,81.0,24.0,45.0,10.3,1.8,25.3
6.62,0.0,313.0,1.3,34.5,13.4,24.8,92.0,21.0,42.0,10.9,2.0,25.0
5.81,0.0,294.0,1.3,35.7,15.2,25.6,72.0,22.0,40.0,10.8,1.3,24.9
6.33,0.0,293.0,1.3,38.2,16.8,27.2,87.0,16.0,37.0,11.1,1.6,25.0
6.13,0.0,287.0,1.1,32.7,16.7,23.6,67.0,18.0,39.0,8.9,2.3,24.9
5.58,0.0,305.0,1.2,29.6,11.9,20.6,87.0,26.0,49.0,9.4,2.1,24.3
5.59,0.0,300.0,1.2,32.9,12.0,22.6,90.0,20.0,44.0,9.7,1.3,24.0
5.72,0.0,299.0,1.2,36.1,13.1,24.2,84.0,14.0,39.0,9.5,1.2,23.9
5.92,0.0,273.0,1.2,36.6,14.2,26.1,84.0,13.0,35.0,9.3,1.5,24.0
5.37,0.0,231.0,1.3,34.8,16.9,26.3,74.0,18.0,39.0,11.3,1.6,24.2
4.82,0.0,224.0,1.4,34.9,18.0,25.8,78.0,19.0,42.0,11.8,1.5,24.3
5.82,0.0,268.0,1.3,34.0,16.6,25.4,66.0,23.0,39.0,10.4,2.0,24.3
5.92,0.0,256.0,1.2,34.2,17.3,26.3,58.0,24.0,35.0,9.7,2.2,24.3
6.15,0.0,267.0,1.1,34.6,17.6,26.1,53.0,22.0,33.0,8.4,2.0,24.3
5.54,0.0,274.0,1.2,33.8,16.6,25.2,61.0,23.0,36.0,9.2,1.7,24.7
5.28,0.0,274.0,1.3,33.7,15.8,24.6,79.0,21.0,41.0,10.3,1.4,24.5
5.56,0.0,270.0,1.3,33.6,15.5,25.1,82.0,22.0,42.0,11.2,1.8,24.5
5.29,0.0,266.0,1.5,36.8,16.6,26.1,80.0,23.0,45.0,13.4,1.4,24.7
5.62,0.0,270.0,1.5,38.7,16.5,27.3,88.0,13.0,41.0,12.7,1.6,25.8
5.46,0.0,264.0,1.4,36.1,16.3,26.4,78.0,23.0,41.0,12.0,1.6,25.7
5.33,0.0,253.0,1.3,36.0,15.3,25.7,80.0,17.0,40.0,11.0,1.7,25.4
5.21,0.0,263.0,1.2,34.4,14.6,24.6,78.0,17.0,39.0,9.9,1.7,25.1
4.94,0.0,258.0,1.2,31.5,14.1,22.8,73.0,25.0,43.0,9.7,1.6,24.8
5.06,0.0,256.0,1.2,32.4,14.3,23.0,69.0,26.0,42.0,9.6,1.7,24.4
4.34,0.0,232.0,1.3,32.7,14.5,22.6,79.0,26.0,48.0,10.9,1.3,24.2
4.36,0.0,224.0,1.3,32.5,14.3,23.2,81.0,22.0,44.0,10.3,1.2,24.0
4.24,0.0,215.0,1.5,35.9,16.6,24.9,79.0,21.0,46.0,12.6,1.1,24.0
5.34,0.0,242.0,1.4,36.1,16.4,25.9,85.0,18.0,42.0,11.9,1.7,23.9
5.43,0.0,254.0,1.0,33.5,16.7,24.1,77.0,13.0,34.0,7.3,2.2,23.8
4.46,0.0,244.0,1.2,30.6,11.9,21.4,80.0,23.0,47.0,9.5,1.4,23.4
4.58,0.0,237.0,1.2,34.9,14.0,23.8,79.0,19.0,41.0,9.6,1.2,23.2
4.78,0.0,344.0,1.3,34.4,19.0,27.9,88.0,21.0,35.0,10.9,1.7,23.2
4.73,0.0,234.0,1.4,33.3,15.3,24.3,85.0,24.0,47.0,12.4,1.5,23.2
4.41,0.0,237.0,1.4,33.3,14.4,23.4,90.0,23.0,50.0,12.4,1.3,23.2
4.37,0.0,234.0,1.5,34.9,15.7,24.3,87.0,25.0,51.0,13.5,1.2,23.1
4.57,0.0,235.0,1.5,35.4,16.2,25.0,81.0,21.0,46.0,12.7,1.3,23.2
4.54,0.0,233.0,1.4,36.6,15.6,25.2,83.0,19.0,44.0,12.3,1.3,23.1
4.78,0.0,226.0,1.3,36.6,15.9,25.8,78.0,20.0,39.0,10.9,1.5,23.1
4.32,0.0,219.0,1.3,30.5,14.0,22.2,82.0,27.0,49.0,11.0,1.9,22.9
3.69,0.0,318.0,1.0,25.1,13.3,20.2,72.0,0.0,44.0,7.5,1.8,21.5
3.57,0.0,209.0,1.1,23.6,10.5,17.2,83.0,35.0,57.0,8.7,2.0,21.0
2.24,0.0,137.0,1.3,20.4,11.1,16.1,89.0,50.0,69.0,10.3,1.9,20.6
0.77,0.0,60.0,1.3,17.9,10.2,14.7,91.0,62.0,77.0,10.7,1.4,20.4
2.99,0.0,202.0,1.2,23.3,8.3,15.1,95.0,42.0,69.0,9.5,1.2,20.0
3.34,0.0,205.0,1.3,26.5,9.4,17.3,92.0,35.0,64.0,10.5,1.3,20.0
3.15,0.0,191.0,1.4,27.3,10.7,18.5,91.0,36.0,65.0,11.7,1.3,20.1
3.32,0.0,191.0,1.5,28.9,12.2,20.2,89.0,34.0,63.0,13.0,1.4,20.6
3.22,0.0,189.0,1.6,30.7,13.3,20.7,92.0,40.0,65.0,14.0,1.2,21.0
3.55,0.0,190.0,1.5,33.6,13.4,22.8,91.0,23.0,53.0,12.6,1.4,20.9
3.11,0.0,187.0,1.4,28.7,13.6,20.0,83.0,36.0,61.0,12.1,1.4,21.3
3.3,0.0,183.0,1.3,27.0,11.8,19.2,93.0,34.0,60.0,11.3,1.7,20.8
3.31,0.0,196.0,0.9,23.3,10.4,16.7,81.0,18.0,45.0,4.8,1.9,20.5
0.81,0.0,44.0,1.1,16.2,7.3,12.6,95.0,48.0,75.0,8.3,2.5,19.6
2.39,0.0,162.0,1.0,18.3,5.1,11.6,96.0,45.0,70.0,6.4,1.8,18.5
2.67,0.0,178.0,0.9,19.3,4.7,12.1,92.0,38.0,63.0,5.3,1.7,18.1
2.96,0.0,180.0,1.0,21.2,8.9,14.7,84.0,41.0,62.0,7.5,2.2,18.0
2.41,0.0,176.0,1.1,21.5,5.8,13.3,93.0,44.0,71.0,8.2,1.1,18.0
2.54,0.0,172.0,1.1,24.4,7.6,14.8,94.0,34.0,66.0,8.6,1.2,17.9
2.68,0.0,173.0,1.1,28.2,7.8,16.4,94.0,27.0,61.0,8.7,1.0,18.0
2.71,0.0,169.0,1.1,28.8,8.4,17.1,92.0,28.0,59.0,9.0,0.9,18.1
2.77,0.0,167.0,1.2,28.6,8.8,17.5,90.0,29.0,58.0,9.2,1.1,18.1
2.62,0.0,146.0,1.2,26.3,8.2,16.8,91.0,24.0,61.0,9.1,1.9,18.1
0.47,0.0,45.0,1.4,17.2,9.4,14.4,94.0,70.0,84.0,11.7,1.5,18.1
1.33,0.0,100.0,1.3,20.1,9.2,13.8,96.0,60.0,85.0,11.2,1.2,17.9
2.25,0.0,153.0,1.2,22.6,7.1,14.1,96.0,49.0,77.0,10.1,1.1,17.7
2.42,0.0,156.0,1.2,24.9,7.4,15.3,95.0,40.0,71.0,10.1,1.1,17.6
2.4,0.0,155.0,1.3,27.7,8.2,16.3,94.0,36.0,68.0,10.3,0.9,17.7
2.58,0.0,218.0,1.3,28.3,11.0,20.6,94.0,29.0,52.0,10.5,0.9,17.8
2.47,0.0,154.0,1.2,28.4,8.4,16.6,93.0,29.0,64.0,9.7,1.0,17.7
2.1,0.3,116.0,0.9,15.9,8.0,12.1,89.0,41.0,66.0,5.9,3.3,17.4
1.26,1.2,114.0,0.8,12.1,1.7,7.1,96.0,55.0,81.0,4.0,1.5,16.6
1.59,0.6,126.0,0.7,13.5,1.7,7.7,90.0,40.0,68.0,2.3,1.6,15.9
1.95,0.1,155.0,0.6,15.5,-0.6,6.5,95.0,29.0,63.0,-0.1,1.1,15.1
2.14,0.0,155.0,0.6,16.9,-0.2,7.7,94.0,28.0,61.0,0.6,1.2,14.6
2.04,0.0,151.0,0.7,19.4,0.4,8.7,93.0,29.0,62.0,1.7,1.0,14.4
2.0,0.0,147.0,0.8,21.3,1.3,9.8,93.0,30.0,62.0,2.9,1.0,14.3
1.85,0.0,99.0,0.8,20.6,1.7,12.3,92.0,33.0,57.0,4.0,1.6,14.3
1.56,0.3,77.0,1.0,21.2,11.6,15.6,86.0,36.0,59.0,7.5,1.7,14.9
1.11,4.9,71.0,1.4,19.5,11.4,15.4,92.0,65.0,79.0,11.8,2.9,15.4
1.32,0.1,94.0,1.3,18.9,8.4,13.6,95.0,61.0,81.0,10.3,2.0,15.7
1.65,0.1,133.0,1.1,19.9,6.3,11.3,96.0,38.0,80.0,7.9,1.1,15.4
1.82,0.1,136.0,1.0,21.5,4.7,11.7,96.0,39.0,74.0,7.2,0.9,15.1
1.73,0.1,106.0,1.1,20.8,5.5,13.1,95.0,39.0,73.0,8.4,2.2,15.0
0.72,0.3,76.0,1.1,15.1,5.3,9.7,96.0,75.0,92.0,8.5,1.5,15.1
1.5,0.2,128.0,1.1,18.7,3.7,9.8,97.0,56.0,87.0,7.7,1.0,14.9
1.68,0.2,131.0,1.0,19.2,2.9,10.2,96.0,55.0,83.0,7.5,1.0,14.6
1.58,0.2,128.0,1.0,19.2,3.3,10.0,96.0,57.0,84.0,7.5,1.0,14.4
1.58,0.1,127.0,1.0,21.0,2.5,10.2,96.0,48.0,80.0,7.0,0.8,14.2
0.96,0.1,84.0,1.0,17.5,2.7,9.6,96.0,59.0,84.0,7.1,1.2,14.0
0.42,3.2,29.0,1.2,15.6,5.7,12.2,93.0,65.0,82.0,9.2,2.5,13.4
0.91,0.9,49.0,1.4,19.1,11.8,15.8,94.0,60.0,79.0,12.1,2.5,13.8
0.2,12.7,11.0,1.4,17.2,13.2,14.8,95.0,73.0,85.0,12.3,3.0,14.5
0.39,1.7,40.0,1.5,16.9,12.7,14.7,93.0,81.0,89.0,12.9,2.3,14.7
0.95,0.0,83.0,1.4,17.1,10.5,13.5,95.0,74.0,88.0,11.5,1.4,15.3
0.56,0.2,59.0,1.3,16.1,10.0,12.5,96.0,79.0,92.0,11.3,1.4,15.2
0.59,1.3,56.0,1.3,16.3,9.0,12.7,96.0,76.0,88.0,10.8,1.5,15.0
0.12,0.1,25.0,1.4,14.2,12.0,13.0,96.0,87.0,93.0,11.9,2.9,15.2
1.02,0.0,85.0,1.2,16.7,6.6,12.2,95.0,63.0,82.0,9.3,1.6,15.2
1.02,0.2,89.0,1.1,15.6,5.3,9.8,96.0,71.0,90.0,8.3,1.5,14.6
0.78,0.0,81.0,1.1,13.6,4.7,8.8,96.0,77.0,93.0,7.7,1.3,14.6
1.3,0.2,116.0,1.0,16.1,2.9,8.8,96.0,65.0,87.0,6.8,0.9,13.9
1.32,0.2,114.0,1.0,18.7,4.7,10.1,96.0,51.0,83.0,7.3,1.2,13.7
0.07,7.7,20.0,1.0,10.4,6.7,8.3,93.0,84.0,90.0,6.8,1.8,13.5
1.04,0.2,102.0,0.8,10.5,1.9,6.4,96.0,70.0,87.0,4.4,1.7,13.1
0.58,0.2,71.0,0.8,8.7,0.1,4.4,96.0,79.0,92.0,3.1,1.2,12.3
0.75,0.1,75.0,0.8,9.5,1.1,5.9,96.0,69.0,86.0,3.8,1.3,12.0
1.32,0.1,102.0,0.8,14.1,0.5,8.1,95.0,42.0,70.0,3.0,1.3,11.7
1.55,0.9,90.0,1.1,17.8,9.8,13.2,91.0,61.0,72.0,8.3,3.1,12.3
1.36,0.6,80.0,0.8,10.3,1.6,7.4,93.0,43.0,74.0,3.1,4.0,12.7
1.41,0.0,125.0,0.6,10.6,-2.3,3.6,93.0,45.0,71.0,-1.1,1.9,11.7
1.59,0.1,129.0,0.5,15.4,-2.6,5.7,90.0,21.0,55.0,-2.6,1.4,10.8
1.74,0.0,84.0,0.6,14.7,-0.9,8.4,83.0,32.0,54.0,-0.4,2.3,10.4
0.72,5.0,41.0,1.0,13.2,6.4,9.7,93.0,58.0,80.0,6.4,3.1,10.9
0.14,8.0,17.0,1.1,11.7,8.6,10.2,96.0,79.0,90.0,8.5,3.5,11.4
1.54,0.3,125.0,1.0,13.4,5.9,9.4,96.0,63.0,83.0,6.6,2.8,11.6
0.28,5.1,42.0,1.0,10.0,4.6,7.5,96.0,84.0,93.0,6.3,2.0,11.5
0.89,4.4,90.0,0.9,12.9,5.3,8.4,95.0,61.0,84.0,5.9,1.7,11.5
1.01,0.1,94.0,0.8,10.5,1.5,6.3,96.0,67.0,87.0,4.3,1.6,11.5
0.93,0.1,92.0,0.8,10.3,-0.5,5.5,96.0,66.0,84.0,3.1,1.2,10.8
0.49,0.0,46.0,0.8,11.6,2.9,7.0,94.0,57.0,80.0,3.8,1.5,10.7
1.3,0.1,120.0,0.8,11.5,1.1,6.4,95.0,58.0,81.0,3.4,1.6,10.5
1.21,0.0,112.0,0.7,11.0,1.5,5.7,94.0,52.0,78.0,2.3,1.4,10.4
1.35,0.0,120.0,0.7,12.3,-0.5,5.2,95.0,47.0,76.0,1.4,1.5,10.1
1.35,0.1,128.0,0.7,12.9,-2.5,4.4,96.0,50.0,80.0,1.2,1.0,9.6
1.35,0.2,126.0,0.7,13.9,-2.3,4.7,96.0,49.0,81.0,1.7,1.1,9.3
1.3,0.1,122.0,0.7,13.5,-1.8,4.8,97.0,53.0,81.0,1.9,1.0,9.1
1.55,0.1,109.0,0.7,15.8,-0.7,7.5,96.0,37.0,69.0,2.1,1.4,9.0
0.32,10.6,43.0,0.9,10.0,6.0,7.9,93.0,79.0,89.0,6.2,2.4,9.5
0.4,0.0,46.0,0.8,10.0,1.9,6.5,95.0,69.0,87.0,4.5,1.5,9.9
1.35,0.0,186.0,0.8,14.9,2.5,8.8,96.0,53.0,75.0,4.5,1.0,9.4
1.12,0.9,93.0,0.9,14.9,1.7,8.0,96.0,63.0,83.0,5.2,1.8,9.4
1.64,0.0,132.0,0.6,9.5,0.9,5.9,86.0,50.0,69.0,0.6,3.4,9.7
1.37,0.0,130.0,0.6,9.3,-2.8,3.0,95.0,48.0,74.0,-1.2,1.4,9.1
1.37,0.1,133.0,0.6,9.2,-3.2,2.8,95.0,49.0,74.0,-1.4,1.2,8.4
1.41,0.0,134.0,0.5,8.9,-3.2,2.3,95.0,48.0,73.0,-2.1,1.3,8.0
1.27,0.1,129.0,0.5,9.1,-4.3,1.6,95.0,46.0,75.0,-2.3,1.0,7.5
1.47,0.0,134.0,0.5,12.3,-3.1,3.4,95.0,29.0,65.0,-2.6,1.0,7.3
1.61,0.1,142.0,0.6,14.6,-2.9,4.6,94.0,32.0,65.0,-1.4,1.0,7.2
1.67,0.0,144.0,0.6,16.9,-2.2,6.0,96.0,34.0,69.0,0.7,0.9,7.3
1.7,0.1,145.0,0.7,17.9,-1.1,6.8,96.0,36.0,72.0,2.1,0.9,7.4
1.7,0.1,145.0,0.7,17.7,-1.2,6.7,95.0,39.0,73.0,2.1,1.0,7.6
1.71,0.1,147.0,0.7,17.1,-0.9,6.6,96.0,37.0,73.0,2.2,1.1,7.6
1.76,0.2,148.0,0.7,21.0,-0.8,7.9,96.0,29.0,70.0,2.7,1.0,7.7
1.71,0.1,134.0,0.8,18.5,0.1,8.3,96.0,40.0,71.0,3.4,1.2,7.9
1.09,0.0,53.0,0.8,19.5,2.5,11.1,92.0,37.0,63.0,4.3,1.6,8.3
0.85,1.0,72.0,1.2,15.2,9.0,11.7,96.0,74.0,86.0,9.5,1.9,9.4
0.18,0.6,34.0,1.3,13.2,10.4,11.9,96.0,93.0,95.0,11.1,1.3,10.3
0.58,0.0,43.0,1.3,15.6,9.3,12.8,96.0,69.0,87.0,10.7,2.2,10.9
2.04,0.0,142.0,0.7,12.5,3.1,8.0,84.0,47.0,67.0,2.2,3.4,10.8
1.81,0.0,149.0,0.6,12.1,-1.3,5.2,95.0,44.0,73.0,0.8,1.5,9.7
1.72,0.1,139.0,0.7,13.0,-0.1,5.9,94.0,49.0,74.0,1.7,1.3,9.2
1.96,0.0,158.0,0.8,16.5,0.1,7.9,95.0,44.0,71.0,2.9,1.0,9.0
2.1,0.1,162.0,0.8,18.7,1.1,9.4,96.0,41.0,71.0,4.4,1.0,9.1
1.93,0.1,157.0,0.9,19.5,1.7,10.0,96.0,44.0,74.0,5.6,1.0,9.2
1.0,0.0,79.0,1.0,16.5,5.8,10.9,94.0,58.0,80.0,7.5,1.2,9.6
1.94,0.1,163.0,1.0,18.1,3.4,9.9,96.0,53.0,81.0,6.8,1.4,10.1
1.95,0.0,163.0,1.0,19.3,2.2,10.0,96.0,45.0,78.0,6.3,1.1,11.1
1.85,0.1,133.0,1.0,16.4,3.3,10.0,96.0,62.0,81.0,6.9,2.4,11.2
0.45,0.0,59.0,0.9,10.7,1.9,6.5,96.0,78.0,91.0,5.1,1.6,10.4
1.32,4.2,116.0,0.8,14.1,-0.7,6.7,97.0,54.0,84.0,4.1,1.2,9.4
1.36,0.2,118.0,0.8,10.6,2.8,6.6,96.0,62.0,82.0,3.8,2.4,9.5
1.62,0.0,148.0,0.7,12.4,0.8,6.2,95.0,47.0,76.0,2.3,1.5,8.8
1.88,0.0,165.0,0.7,13.1,-0.3,6.3,93.0,45.0,70.0,1.3,1.4,8.4
2.17,0.0,184.0,0.7,15.6,0.1,7.5,91.0,35.0,63.0,0.9,1.1,8.5
2.32,0.0,187.0,0.7,17.5,0.8,8.1,88.0,30.0,60.0,0.9,1.4,8.8
2.4,0.0,191.0,0.7,17.3,0.5,8.7,94.0,35.0,63.0,2.2,1.2,9.0
2.48,0.0,195.0,0.8,18.7,1.0,9.8,94.0,39.0,66.0,3.8,1.2,9.3
2.63,0.0,196.0,0.9,21.8,2.3,11.2,95.0,31.0,64.0,4.8,1.0,9.7
2.33,0.0,164.0,0.9,22.1,3.1,11.6,94.0,32.0,64.0,5.0,1.0,10.1
2.8,0.0,206.0,0.8,18.7,1.1,10.2,94.0,41.0,67.0,4.4,1.5,10.2
2.86,0.1,190.0,0.8,19.9,1.1,10.0,95.0,34.0,67.0,4.2,2.5,10.2
1.07,9.3,72.0,0.7,10.5,2.8,7.0,93.0,57.0,74.0,2.6,2.8,10.1
1.66,0.8,157.0,0.7,10.3,2.4,5.6,94.0,58.0,78.0,2.0,2.0,9.2
2.03,0.0,174.0,0.7,12.7,1.3,7.4,93.0,50.0,71.0,2.4,1.2,9.0
2.63,0.0,216.0,0.8,15.3,2.3,8.6,94.0,43.0,68.0,2.9,1.3,9.2
2.76,0.0,183.0,0.7,14.7,2.9,8.8,92.0,38.0,65.0,2.6,2.5,9.5
2.95,0.0,235.0,0.6,15.6,-0.9,7.6,92.0,35.0,60.0,0.4,1.5,9.3
3.19,0.0,243.0,0.7,18.8,0.2,9.6,93.0,30.0,57.0,1.6,1.5,9.4
3.03,0.0,240.0,0.8,16.9,0.1,8.9,95.0,45.0,69.0,3.5,1.4,9.8
3.25,0.0,242.0,0.8,20.5,1.6,10.7,94.0,31.0,60.0,3.3,1.1,10.0
3.58,0.0,250.0,0.8,20.7,2.5,11.7,92.0,32.0,59.0,4.1,1.2,10.5
3.62,0.0,249.0,0.9,24.2,4.1,13.4,92.0,29.0,59.0,5.6,1.2,11.1
3.98,0.0,227.0,0.9,26.3,6.4,16.4,92.0,22.0,50.0,6.0,1.6,11.7
2.02,0.0,100.0,1.1,20.0,10.9,15.9,79.0,46.0,60.0,8.2,2.2,12.6
3.68,0.0,274.0,1.0,20.6,5.6,12.8,94.0,38.0,68.0,7.1,1.5,12.6
4.3,0.0,214.0,0.8,21.3,10.8,16.6,93.0,31.0,41.0,3.3,3.1,12.9
1.92,0.0,113.0,0.9,15.6,7.9,11.7,81.0,51.0,67.0,5.7,3.1,12.4
2.26,4.9,162.0,1.0,14.9,7.2,10.2,93.0,51.0,76.0,6.3,1.9,12.0
1.4,3.9,128.0,1.0,11.3,6.9,8.8,94.0,82.0,89.0,7.1,3.0,11.8
2.28,0.0,185.0,0.9,15.5,5.9,10.0,95.0,53.0,76.0,5.9,1.9,11.6
3.92,0.0,298.0,0.9,19.4,2.1,10.9,95.0,41.0,69.0,5.4,1.2,11.7
4.28,0.0,299.0,1.0,21.5,3.5,12.8,94.0,38.0,66.0,6.5,1.2,11.9
4.47,0.0,298.0,1.1,24.5,5.6,14.8,95.0,35.0,64.0,8.2,1.2,12.5
4.33,0.1,278.0,1.2,28.8,6.1,16.9,96.0,28.0,60.0,9.0,1.0,13.1
3.91,0.0,221.0,1.3,26.7,8.3,17.9,93.0,36.0,62.0,10.6,1.9,13.7
3.91,0.0,235.0,1.3,25.2,10.2,17.2,86.0,42.0,64.0,10.4,1.8,14.4
4.59,0.0,284.0,1.1,24.9,8.6,16.7,93.0,30.0,59.0,8.5,2.0,14.6
5.3,0.0,321.0,0.8,23.3,7.8,15.3,82.0,22.0,47.0,4.0,2.8,14.7
3.84,0.0,250.0,0.9,22.3,4.3,14.3,88.0,31.0,55.0,5.4,1.2,14.2
4.81,0.4,276.0,1.0,25.1,7.1,16.9,94.0,25.0,52.0,7.0,2.3,14.6
2.9,0.0,176.0,1.2,23.8,12.9,16.9,86.0,33.0,62.0,9.6,2.0,15.1
4.57,0.0,294.0,1.0,19.9,8.7,13.8,91.0,43.0,67.0,7.6,3.8,14.9
5.09,0.0,326.0,0.6,18.9,5.3,11.7,76.0,17.0,47.0,0.7,2.7,14.4
5.0,0.0,329.0,0.7,20.3,2.8,11.9,78.0,28.0,48.0,1.1,1.6,13.9
5.0,0.0,326.0,0.8,23.5,4.8,14.3,88.0,23.0,48.0,3.4,1.4,14.2
4.13,0.0,254.0,0.9,24.7,7.0,15.5,89.0,29.0,51.0,5.5,1.2,14.5
4.91,0.0,315.0,0.9,23.8,7.2,15.4,88.0,27.0,53.0,5.8,1.8,14.8
4.34,0.0,274.0,1.1,24.2,7.8,16.1,90.0,33.0,58.0,7.8,1.9,15.2
3.5,0.0,247.0,1.2,22.8,9.4,15.8,92.0,45.0,68.0,9.9,1.3,15.6
5.03,0.0,308.0,1.1,26.6,7.6,17.6,95.0,29.0,56.0,8.6,1.3,15.6
5.5,0.0,299.0,1.1,28.4,10.1,19.5,87.0,26.0,48.0,8.2,2.0,16.2
4.81,8.9,302.0,1.3,22.3,11.0,16.5,95.0,32.0,67.0,10.3,2.1,16.7
5.34,0.0,348.0,1.1,22.1,8.9,15.5,93.0,40.0,65.0,9.0,2.3,16.5
5.27,0.0,349.0,1.2,22.1,8.4,15.4,95.0,42.0,67.0,9.3,1.9,16.4
4.9,0.0,310.0,1.2,26.1,9.0,17.6,95.0,33.0,61.0,9.9,1.3,16.4
3.92,1.7,247.0,1.3,23.5,12.1,16.4,91.0,44.0,72.0,11.3,2.6,16.5
4.59,0.0,288.0,1.3,21.1,11.3,15.6,93.0,51.0,71.0,10.4,3.4,16.5
5.94,0.0,354.0,1.2,22.2,8.8,15.7,92.0,41.0,67.0,9.7,3.4,16.3
6.24,0.0,363.0,1.1,23.7,9.2,16.3,90.0,36.0,61.0,8.9,3.0,16.5
6.32,0.0,407.0,0.7,22.9,2.5,13.6,84.0,24.0,45.0,1.8,2.0,15.1
5.14,0.0,407.0,0.8,25.3,11.8,20.5,82.0,25.0,35.0,4.6,1.5,15.3
5.66,0.0,291.0,1.1,24.3,9.4,17.5,82.0,36.0,56.0,8.6,3.1,15.9
5.22,0.0,293.0,1.1,26.6,9.8,18.6,86.0,30.0,52.0,8.6,1.6,16.2
5.73,0.0,288.0,1.1,27.1,9.4,18.9,90.0,21.0,48.0,7.8,2.4,16.4
5.93,0.0,309.0,0.9,24.0,9.4,16.5,79.0,20.0,45.0,4.7,3.6,16.4
5.4,0.0,306.0,0.8,19.9,7.7,13.4,85.0,30.0,53.0,4.1,3.9,16.0
4.9,0.0,314.0,0.7,19.4,4.2,10.8,82.0,30.0,52.0,1.4,2.3,15.1
5.48,0.0,322.0,0.5,20.5,2.0,12.5,78.0,17.0,36.0,-2.1,2.4,14.3
5.24,0.0,318.0,0.6,24.1,4.8,14.9,74.0,15.0,34.0,-0.8,1.6,14.2
5.76,0.0,303.0,0.8,26.7,6.4,17.9,79.0,21.0,38.0,3.2,1.8,14.3
5.66,0.0,312.0,1.0,27.6,8.4,18.9,85.0,26.0,44.0,6.5,1.6,14.8
5.89,0.0,312.0,1.0,29.9,9.4,20.5,82.0,23.0,42.0,7.1,1.6,15.2
6.47,0.0,311.0,1.1,30.3,10.0,21.4,86.0,22.0,41.0,7.7,2.1,15.6
5.98,0.0,313.0,0.9,29.8,12.3,20.6,59.0,24.0,37.0,5.5,1.9,15.9
6.46,0.0,310.0,1.0,30.1,9.8,20.7,80.0,19.0,40.0,6.8,2.4,16.0
5.54,0.0,309.0,1.1,25.5,10.3,18.2,85.0,35.0,54.0,8.8,2.2,16.1
5.99,0.0,313.0,1.1,28.1,9.8,19.5,87.0,21.0,47.0,7.8,2.0,16.2
6.28,0.0,311.0,1.2,30.8,11.4,22.3,85.0,23.0,44.0,9.5,1.8,16.3
6.81,0.0,322.0,1.2,32.3,12.0,23.4,91.0,15.0,41.0,9.5,2.1,16.7
7.08,0.0,316.0,1.2,32.8,13.2,24.0,86.0,18.0,39.0,9.2,2.3,17.0
7.77,0.0,316.0,0.9,29.4,14.3,22.0,68.0,15.0,34.0,5.6,3.7,17.2
6.12,0.0,320.0,0.8,30.8,10.2,21.2,68.0,15.0,30.0,3.1,1.4,16.9
6.71,0.0,318.0,1.0,32.3,11.6,23.1,83.0,14.0,35.0,6.9,1.9,16.9
7.01,0.0,319.0,0.9,32.6,12.3,24.1,77.0,14.0,30.0,5.6,1.9,18.2
6.7,0.0,308.0,1.0,31.7,12.8,23.4,73.0,18.0,33.0,6.4,1.8,20.1
6.16,0.0,266.0,0.9,23.5,14.8,18.9,54.0,30.0,43.0,6.0,3.8,20.0
5.95,0.0,283.0,1.0,23.9,14.7,19.3,68.0,33.0,46.0,7.2,2.7,19.0
2.13,0.5,135.0,1.3,20.1,12.6,16.3,91.0,54.0,72.0,11.2,1.9,19.0
4.52,1.2,251.0,1.4,23.7,12.2,18.4,93.0,44.0,64.0,11.6,2.0,18.4
5.59,0.0,288.0,1.3,26.1,12.2,19.8,85.0,39.0,57.0,11.0,2.5,18.6
6.18,0.0,320.0,1.5,29.7,14.3,22.5,81.0,35.0,54.0,12.6,2.0,19.1
6.93,0.0,321.0,1.6,34.1,16.0,26.0,88.0,28.0,48.0,14.1,2.1,19.7
7.93,0.0,325.0,1.4,35.7,17.0,27.3,73.0,20.0,39.0,12.3,2.9,20.7
7.44,0.0,326.0,1.2,35.3,16.2,26.5,63.0,20.0,35.0,10.0,2.3,22.0
7.23,0.0,325.0,1.3,30.3,16.0,24.0,72.0,28.0,44.0,10.8,3.0,22.1
7.19,0.0,330.0,1.1,30.3,13.6,21.6,72.0,21.0,43.0,8.5,3.2,21.8
3.74,0.0,168.0,1.1,21.8,12.8,17.9,74.0,43.0,55.0,8.8,3.7,21.1
7.02,0.0,339.0,0.9,25.1,11.1,18.4,79.0,23.0,44.0,5.9,4.0,20.1
7.05,0.0,346.0,0.9,26.8,9.6,18.9,73.0,18.0,39.0,4.8,3.4,19.7
7.14,0.0,345.0,1.0,29.1,13.8,21.2,73.0,22.0,40.0,7.2,3.1,19.6
6.82,0.0,341.0,0.9,31.9,11.9,22.8,68.0,20.0,34.0,6.0,1.6,19.9
7.97,0.0,329.0,0.8,30.2,13.5,22.2,69.0,16.0,32.0,4.5,3.5,20.3
7.13,0.0,359.0,0.6,21.3,10.1,15.7,66.0,13.0,32.0,-1.0,4.3,19.8
6.52,0.0,359.0,0.7,23.1,7.4,15.9,67.0,18.0,38.0,1.6,3.1,19.2
6.39,0.0,346.0,0.8,27.3,8.5,18.6,79.0,19.0,37.0,3.6,2.1,19.4
6.89,0.0,350.0,0.8,26.7,10.2,19.0,63.0,19.0,35.0,3.4,2.9,19.8
7.11,0.0,329.0,1.0,25.5,11.3,19.1,75.0,31.0,47.0,7.5,4.4,19.8
5.78,0.0,269.0,1.1,24.6,11.5,18.0,78.0,30.0,53.0,8.4,4.3,19.6
7.17,0.0,320.0,1.3,26.5,14.7,20.3,79.0,32.0,54.0,10.7,4.4,19.6
7.87,0.0,331.0,1.2,28.2,14.7,21.4,76.0,21.0,46.0,9.5,4.3,19.9
7.59,0.0,352.0,1.0,29.3,12.4,21.6,75.0,18.0,39.0,7.1,3.1,20.7
7.06,0.0,350.0,1.0,31.1,12.9,22.8,62.0,18.0,35.0,6.5,2.1,20.6
7.23,0.0,346.0,1.2,35.6,15.1,26.1,75.0,18.0,37.0,10.1,1.5,21.6
7.72,0.0,338.0,1.3,36.8,17.2,27.4,79.0,19.0,36.0,11.0,2.0,22.5
7.3,0.0,335.0,1.3,33.0,16.6,25.1,64.0,27.0,41.0,11.1,2.3,22.8
7.55,0.0,329.0,1.3,31.2,17.5,24.5,60.0,26.0,42.0,10.8,3.0,22.9
7.14,0.0,331.0,1.4,32.3,15.8,24.3,71.0,28.0,45.0,11.7,2.6,22.9
7.31,0.0,375.0,1.6,33.9,23.5,30.1,73.0,26.0,37.0,13.8,2.5,23.4
6.38,0.0,335.0,1.8,35.8,19.4,28.4,71.0,29.0,46.0,15.6,0.7,23.8
6.66,0.0,335.0,1.9,39.1,22.3,31.1,77.0,25.0,41.0,16.4,0.4,24.5
6.01,0.0,316.0,1.5,34.5,19.1,27.2,65.0,26.0,43.0,13.4,0.4,24.8
4.75,0.0,283.0,1.3,27.6,15.1,21.1,79.0,31.0,53.0,11.0,0.4,24.4
5.61,0.0,314.0,1.4,33.3,14.2,23.3,83.0,26.0,49.0,12.1,0.4,24.1
6.23,0.0,337.0,1.2,32.9,16.6,25.1,75.0,17.0,38.0,9.8,0.4,24.3
5.97,0.0,407.0,0.8,29.3,19.4,25.7,56.0,19.0,25.0,4.2,0.4,23.9
5.88,0.0,339.0,1.0,31.0,12.0,22.7,74.0,15.0,35.0,6.4,0.4,23.5
6.33,0.0,350.0,0.9,33.5,13.4,24.7,66.0,13.0,30.0,6.0,0.4,23.4
6.13,0.0,352.0,1.0,31.8,14.1,24.0,66.0,18.0,34.0,7.1,0.4,23.4
7.76,0.0,407.0,1.1,31.5,18.6,26.7,60.0,21.0,32.0,8.8,4.4,22.8
7.63,0.0,350.0,1.1,27.1,13.8,20.4,78.0,25.0,47.0,8.6,4.4,20.7
7.35,0.0,356.0,1.0,26.4,11.8,19.2,76.0,21.0,43.0,6.3,4.1,21.4
7.56,0.0,351.0,1.0,29.1,11.8,21.3,74.0,19.0,38.0,6.4,3.2,21.7
7.84,0.0,346.0,1.0,30.8,13.0,22.6,66.0,16.0,36.0,6.7,3.2,22.0
7.72,0.0,347.0,1.0,32.1,13.6,24.5,63.0,19.0,33.0,7.2,2.4,22.2
6.16,0.0,248.0,1.2,26.9,14.5,21.8,69.0,30.0,47.0,10.1,3.8,22.3
3.5,0.0,173.0,1.7,26.0,18.1,22.0,80.0,50.0,64.0,14.9,2.1,22.3
6.89,0.0,320.0,1.7,31.7,18.8,25.3,83.0,35.0,54.0,15.3,2.7,22.6
7.43,0.0,334.0,1.9,33.5,18.5,26.4,86.0,33.0,54.0,16.4,3.2,23.2
7.71,0.0,335.0,1.7,35.3,19.9,28.1,72.0,30.0,46.0,15.3,2.7,23.6
7.73,0.0,329.0,1.7,37.4,20.7,29.9,66.0,21.0,40.0,14.8,2.0,23.9
8.28,0.0,337.0,1.7,38.6,21.6,31.4,66.0,23.0,38.0,15.2,2.2,25.9
8.03,0.0,318.0,1.7,38.8,22.0,31.4,65.0,19.0,38.0,15.2,2.2,27.0
6.89,0.0,267.0,1.7,39.2,22.4,31.3,61.0,25.0,38.0,15.3,2.2,26.9
7.16,0.0,288.0,1.7,39.2,23.4,31.9,66.0,20.0,35.0,14.7,2.0,26.8
7.11,0.0,292.0,1.8,39.0,22.4,30.9,61.0,26.0,40.0,15.9,1.7,26.7
7.09,0.0,289.0,2.1,38.7,23.2,31.6,77.0,29.0,45.0,18.1,2.1,26.7
8.37,0.0,334.0,1.3,36.7,20.6,29.0,57.0,19.0,32.0,10.7,2.7,26.6
7.14,0.0,336.0,1.4,37.0,16.5,26.4,71.0,13.0,39.0,11.5,1.8,25.9
7.27,0.0,340.0,1.4,38.2,17.6,27.7,72.0,14.0,37.0,11.8,1.7,25.4
7.59,0.0,345.0,1.2,39.4,17.8,28.5,71.0,11.0,31.0,9.8,1.8,25.2
7.5,0.0,343.0,1.3,40.5,17.6,29.3,57.0,14.0,31.0,10.5,1.6,24.9
6.12,0.0,247.0,1.5,37.7,19.2,29.2,79.0,18.0,37.0,13.1,1.8,24.9
7.53,0.0,304.0,1.0,35.6,20.5,27.7,50.0,16.0,28.0,7.6,2.4,25.3
7.47,0.0,343.0,1.2,35.2,15.7,26.3,74.0,17.0,36.0,9.9,2.1,25.4
7.49,0.0,339.0,1.3,37.1,16.2,27.4,77.0,16.0,35.0,10.6,2.0,25.7
7.51,0.0,330.0,1.2,36.9,17.9,27.7,64.0,15.0,33.0,10.1,2.0,25.8
7.55,0.0,327.0,1.2,34.6,18.5,26.5,58.0,20.0,35.0,9.7,2.4,26.2
7.02,0.0,332.0,1.3,32.5,14.9,23.7,76.0,23.0,44.0,10.8,2.5,25.2
6.85,0.0,334.0,1.4,32.6,14.3,23.6,83.0,22.0,47.0,11.6,2.3,25.6
7.55,0.0,326.0,1.3,34.3,15.6,26.3,76.0,17.0,37.0,10.3,2.3,25.8
7.31,0.0,312.0,1.3,35.6,17.2,27.7,71.0,18.0,34.0,10.6,1.8,25.9
7.14,0.0,309.0,1.5,37.9,19.2,29.4,77.0,17.0,37.0,13.1,1.6,26.3
7.61,0.0,308.0,1.5,38.0,21.1,30.1,66.0,19.0,34.0,12.7,2.0,26.6
5.74,0.1,222.0,1.5,33.0,21.8,26.8,57.0,29.0,43.0,13.2,2.4,27.2
6.27,0.0,251.0,1.6,34.3,21.8,27.8,69.0,28.0,44.0,14.3,2.4,27.0
7.61,0.0,317.0,1.3,35.6,18.9,28.5,58.0,24.0,34.0,11.0,2.2,26.9
7.16,0.0,280.0,1.5,36.3,22.0,29.7,52.0,26.0,36.0,13.0,2.3,27.2
7.55,0.0,307.0,1.5,37.3,20.9,29.7,59.0,22.0,36.0,13.0,2.3,27.5
7.28,0.0,288.0,1.4,35.6,21.4,28.5,59.0,21.0,35.0,11.5,2.4,28.1
7.14,0.0,306.0,1.5,35.4,19.5,27.8,71.0,24.0,40.0,12.9,2.1,27.7
7.04,0.0,314.0,1.4,34.6,18.0,26.2,74.0,26.0,42.0,12.4,2.2,27.1
6.58,0.0,297.0,1.5,32.4,16.4,24.8,78.0,25.0,47.0,12.7,2.3,27.3
7.38,0.0,311.0,1.3,33.5,17.2,25.4,72.0,22.0,40.0,10.8,2.7,27.3
7.9,0.0,328.0,1.0,31.6,15.5,24.0,59.0,19.0,34.0,7.0,3.3,25.5
6.67,0.0,330.0,1.1,32.1,12.5,23.5,78.0,18.0,38.0,8.4,1.7,24.6
6.8,0.0,319.0,1.2,34.2,14.8,25.2,82.0,19.0,37.0,9.4,1.7,24.7
6.91,0.0,322.0,1.3,34.0,15.6,25.3,80.0,20.0,39.0,10.5,2.0,24.8
6.69,0.0,301.0,1.3,33.2,16.3,24.9,74.0,26.0,42.0,11.3,2.3,25.0
6.83,0.0,310.0,1.3,32.2,15.3,24.2,75.0,25.0,44.0,11.0,2.5,25.4
6.28,0.0,311.0,1.4,29.8,15.0,22.1,83.0,30.0,53.0,12.2,2.9,25.3
6.14,0.0,310.0,1.4,30.7,14.2,22.4,83.0,28.0,50.0,11.6,2.3,25.1
6.34,0.0,309.0,1.3,31.4,14.0,23.0,84.0,23.0,47.0,11.1,2.3,25.0
6.59,0.0,304.0,1.4,31.6,15.6,23.7,80.0,22.0,46.0,11.5,2.7,25.0
6.61,0.0,306.0,1.4,32.2,15.8,24.5,83.0,24.0,45.0,11.7,2.3,24.6
6.75,0.0,304.0,1.3,33.7,16.0,25.6,74.0,23.0,39.0,10.5,2.1,24.8
6.81,0.0,307.0,1.3,34.7,15.6,26.1,76.0,21.0,39.0,10.9,1.9,25.1
7.09,0.0,307.0,1.2,35.5,16.4,26.9,66.0,17.0,34.0,9.8,2.1,25.0
6.48,0.0,417.0,1.2,36.3,23.2,31.0,78.0,17.0,27.0,9.9,2.5,25.2
6.87,0.0,295.0,1.4,35.8,17.1,27.5,80.0,16.0,39.0,12.4,2.2,25.4
7.11,0.0,290.0,1.3,35.4,18.8,27.7,62.0,16.0,36.0,11.4,2.4,25.6
5.45,0.0,245.0,1.6,36.3,19.5,27.7,71.0,24.0,42.0,13.7,1.6,25.7
7.22,1.4,281.0,1.8,39.2,20.7,30.0,77.0,20.0,42.0,15.5,2.4,26.1
6.62,0.1,286.0,1.6,38.1,21.1,29.3,80.0,19.0,40.0,14.3,2.0,26.4
6.34,0.0,290.0,1.3,36.1,18.4,27.1,68.0,17.0,36.0,10.9,1.6,26.3
6.52,0.0,292.0,1.3,35.8,16.6,25.9,71.0,15.0,38.0,10.4,2.2,26.0
6.36,0.0,290.0,1.3,32.6,15.3,24.2,78.0,23.0,43.0,10.7,2.2,25.8
6.63,0.0,287.0,1.3,33.6,15.6,25.3,75.0,19.0,39.0,10.4,2.3,25.5
5.81,0.0,283.0,1.4,33.9,16.7,25.0,78.0,23.0,44.0,12.0,1.8,25.4
6.12,0.0,284.0,1.4,33.3,17.2,24.9,74.0,26.0,45.0,12.2,2.4,25.5
6.19,0.0,272.0,1.3,35.0,17.0,26.4,67.0,24.0,39.0,11.2,2.0,25.4
6.39,0.0,275.0,1.3,35.3,19.5,27.0,57.0,25.0,37.0,11.2,2.2,25.7
6.68,0.0,274.0,1.5,34.3,18.7,26.6,73.0,24.0,42.0,12.7,2.8,25.7
5.99,0.0,269.0,1.5,35.4,17.8,27.0,75.0,21.0,41.0,12.5,1.7,25.6
5.35,0.0,225.0,1.5,36.4,18.8,28.0,76.0,21.0,40.0,13.0,1.5,25.6
5.86,0.0,243.0,1.5,35.1,19.8,27.7,62.0,26.0,40.0,13.1,2.1,25.7
6.28,0.0,257.0,1.6,33.7,21.0,26.8,59.0,32.0,45.0,13.7,2.9,26.7
5.59,0.0,226.0,1.5,32.3,20.3,25.5,68.0,32.0,46.0,12.9,3.0,26.2
6.09,0.0,260.0,1.4,33.1,18.0,25.1,70.0,30.0,45.0,12.4,2.8,25.8
6.25,0.0,260.0,1.3,32.3,17.5,24.6,70.0,29.0,42.0,10.8,3.0,25.4
5.48,0.0,262.0,1.3,32.8,16.2,24.5,72.0,27.0,44.0,11.3,1.9,25.6
5.45,0.0,266.0,1.4,37.9,16.4,26.8,84.0,17.0,41.0,12.3,1.1,25.5
5.92,0.0,257.0,1.3,36.2,17.1,27.1,71.0,19.0,36.0,10.8,1.6,25.4
5.39,0.0,241.0,1.4,35.7,17.4,26.7,82.0,19.0,40.0,12.1,1.4,25.4
5.64,0.0,240.0,1.3,35.6,17.8,26.2,79.0,15.0,39.0,11.1,2.1,25.3
4.85,0.0,240.0,1.5,30.1,16.3,22.8,83.0,29.0,53.0,12.8,2.0,25.1
4.72,0.0,247.0,1.5,31.7,15.8,23.3,86.0,28.0,53.0,13.2,1.7,24.9
5.09,0.0,242.0,1.6,32.9,17.3,25.4,83.0,28.0,48.0,13.6,1.7,24.9
5.29,0.0,236.0,1.6,34.1,18.6,26.3,79.0,27.0,46.0,13.9,1.9,25.0
5.77,0.0,244.0,1.3,32.9,16.6,24.4,71.0,23.0,43.0,11.2,2.7,25.0
5.09,0.0,244.0,1.4,32.5,15.9,24.0,78.0,26.0,46.0,11.8,2.1,24.7
5.93,0.0,243.0,1.1,28.9,15.0,21.9,71.0,23.0,44.0,8.9,3.8,24.5
4.55,0.0,246.0,1.2,28.5,12.4,20.1,85.0,27.0,50.0,9.2,1.6,23.9
4.8,0.0,242.0,1.2,32.1,12.3,22.1,84.0,22.0,44.0,9.3,1.4,23.5
5.37,0.0,235.0,1.2,31.7,13.5,22.7,80.0,17.0,43.0,9.6,2.4,23.3
3.83,0.1,199.0,1.4,27.0,12.4,18.7,90.0,40.0,67.0,12.4,3.0,23.3
4.38,0.0,239.0,1.2,23.1,10.7,17.3,92.0,38.0,62.0,9.9,2.8,22.5
4.07,0.0,234.0,1.3,27.4,11.1,19.2,91.0,32.0,59.0,11.1,1.4,21.5
4.74,0.0,225.0,1.3,28.9,12.8,21.2,87.0,31.0,52.0,10.8,2.5,21.5
4.69,0.0,233.0,1.0,22.3,11.3,16.9,80.0,30.0,53.0,7.2,3.9,21.1
4.25,0.0,232.0,0.9,22.7,8.7,15.3,82.0,25.0,49.0,4.7,2.6,19.5
4.0,0.0,229.0,0.8,25.0,6.8,16.0,83.0,22.0,45.0,4.2,1.4,19.2
4.0,0.0,226.0,0.9,30.3,8.2,18.3,83.0,15.0,41.0,5.0,1.0,19.2
4.59,0.0,224.0,0.9,29.9,8.9,20.2,79.0,17.0,39.0,5.8,1.8,19.3
4.22,0.0,217.0,1.4,27.5,13.1,20.4,90.0,33.0,58.0,11.7,2.5,19.7
4.03,0.0,204.0,1.4,26.6,13.6,19.9,92.0,38.0,58.0,11.5,2.2,20.1
4.48,0.0,214.0,1.0,26.5,10.5,18.6,82.0,23.0,46.0,6.8,2.3,20.1
4.48,0.0,214.0,0.8,22.7,9.8,16.0,68.0,21.0,43.0,3.5,3.1,19.8
3.8,0.0,209.0,0.8,26.2,7.1,16.3,78.0,19.0,42.0,3.3,1.4,19.2
3.94,0.0,210.0,0.8,28.5,7.2,17.4,80.0,15.0,41.0,3.9,1.2,19.0
3.98,0.0,210.0,0.8,31.2,7.6,18.5,84.0,11.0,37.0,3.5,1.1,18.8
3.88,0.0,201.0,0.8,29.8,9.8,18.7,78.0,13.0,38.0,3.9,1.2,18.8
3.98,0.0,194.0,0.8,26.6,8.1,17.3,79.0,21.0,42.0,4.4,1.7,18.7
2.01,0.5,83.0,1.0,17.5,10.5,13.8,79.0,54.0,64.0,7.1,2.5,18.4
3.11,0.0,186.0,1.0,22.5,10.4,15.3,78.0,32.0,55.0,6.4,1.8,18.1
3.32,0.0,236.0,0.9,24.7,11.2,19.2,88.0,29.0,42.0,5.9,1.6,18.4
3.23,0.0,187.0,0.9,25.9,7.4,16.3,91.0,25.0,51.0,6.2,1.1,18.2
3.22,0.0,187.0,1.0,22.7,9.7,15.5,77.0,34.0,55.0,6.5,2.1,18.3
3.17,0.0,184.0,1.0,24.9,7.4,15.7,87.0,28.0,54.0,6.5,1.4,18.2
3.18,0.0,185.0,0.9,26.1,7.1,16.0,91.0,25.0,52.0,6.1,1.2,18.1
3.41,0.0,184.0,0.9,28.5,7.4,17.1,89.0,15.0,44.0,4.6,1.3,18.0
3.47,0.0,180.0,0.8,26.9,7.0,16.7,84.0,19.0,43.0,3.9,1.4,18.0
3.16,0.0,180.0,0.9,29.4,7.6,17.2,80.0,18.0,44.0,5.0,1.1,17.9
3.22,0.0,179.0,0.9,28.8,7.6,17.2,87.0,19.0,46.0,5.4,1.1,17.9
3.02,0.0,178.0,0.9,28.0,6.7,16.2,86.0,20.0,51.0,6.0,1.2,17.8
2.96,0.0,172.0,0.9,29.6,7.8,17.3,83.0,20.0,46.0,5.7,1.0,17.8
2.99,0.0,172.0,0.9,29.3,7.5,17.4,86.0,17.0,46.0,5.8,1.1,17.8
2.72,0.0,164.0,1.0,27.7,7.6,16.6,84.0,22.0,53.0,7.0,1.1,17.8
2.89,0.0,160.0,1.0,26.8,8.1,16.9,88.0,26.0,51.0,6.7,1.4,17.7
2.49,0.0,160.0,1.0,25.7,8.0,15.4,88.0,26.0,58.0,7.2,1.1,17.6
2.69,0.0,160.0,1.0,27.0,7.4,16.4,90.0,27.0,55.0,7.3,1.1,17.5
2.79,0.0,154.0,1.0,26.3,7.8,16.0,89.0,28.0,56.0,7.2,1.9,17.5
1.21,1.0,78.0,1.0,16.7,8.7,12.3,88.0,52.0,71.0,7.2,2.1,17.3
2.23,0.0,215.0,0.9,18.5,8.8,14.2,86.0,41.0,57.0,5.7,1.8,17.0
2.44,0.0,165.0,0.9,19.8,4.1,11.8,93.0,36.0,63.0,5.0,1.3,16.5
2.41,0.0,166.0,0.9,22.0,4.6,12.4,92.0,32.0,62.0,5.3,1.1,16.3
2.58,0.0,163.0,0.9,26.2,4.9,13.8,89.0,24.0,57.0,5.5,0.9,16.2
2.67,0.0,154.0,0.9,25.0,5.0,14.3,88.0,29.0,57.0,5.9,1.2,16.2
3.01,0.0,153.0,0.7,18.5,7.8,12.8,83.0,29.0,48.0,2.0,2.7,16.2
2.3,0.0,155.0,0.6,17.9,4.1,10.6,75.0,28.0,50.0,0.5,1.3,15.9
2.33,0.0,150.0,0.7,20.3,2.9,11.2,84.0,29.0,54.0,2.1,1.3,15.5
2.47,0.0,149.0,0.7,23.4,3.3,12.4,88.0,20.0,49.0,2.0,1.1,15.2
2.19,0.0,120.0,0.8,23.9,6.6,13.6,80.0,22.0,49.0,3.1,1.1,15.3
2.2,0.0,140.0,0.8,23.7,2.7,12.3,86.0,24.0,54.0,3.2,1.0,15.2
2.03,0.0,118.0,0.8,26.0,4.1,13.2,84.0,20.0,51.0,3.2,1.0,15.1
2.12,0.0,122.0,0.8,27.4,3.8,13.9,89.0,19.0,48.0,3.2,1.1,14.8
1.82,0.0,105.0,0.8,25.0,4.1,13.3,86.0,26.0,55.0,4.6,1.1,14.4
0.97,0.0,48.0,0.9,19.6,8.3,13.5,79.0,41.0,61.0,6.0,1.4,14.6
1.93,0.0,130.0,0.9,22.5,4.8,12.5,90.0,33.0,65.0,6.1,1.0,14.4
2.12,0.0,130.0,0.9,23.9,5.4,13.7,88.0,30.0,59.0,6.0,1.0,14.4
1.99,0.0,133.0,0.9,18.5,5.5,11.0,89.0,38.0,65.0,4.8,1.6,14.5
1.96,0.0,128.0,0.8,19.9,3.9,11.2,90.0,35.0,62.0,4.0,1.4,14.0
1.86,0.0,131.0,0.8,19.9,2.7,10.5,91.0,32.0,62.0,3.6,1.1,13.7
1.58,0.0,100.0,0.8,19.5,4.5,12.0,87.0,36.0,59.0,4.4,1.2,13.5
1.46,0.0,103.0,1.0,18.4,6.7,12.1,91.0,46.0,69.0,6.6,1.0,13.7
1.69,7.6,119.0,1.2,19.3,10.3,14.3,95.0,51.0,77.0,10.2,1.3,14.3
0.17,1.6,31.0,1.2,13.5,7.1,10.9,95.0,85.0,93.0,9.7,2.6,14.7
0.44,0.1,51.0,1.0,12.8,6.1,9.3,96.0,76.0,88.0,7.4,1.3,14.0
1.81,0.2,133.0,0.9,17.2,3.6,10.2,96.0,43.0,73.0,5.5,1.3,13.5
1.65,0.1,126.0,0.9,18.4,3.3,10.1,95.0,43.0,73.0,5.5,1.0,13.4
1.66,0.1,128.0,0.9,18.5,2.3,9.7,95.0,42.0,72.0,5.0,1.1,13.2
1.39,0.1,113.0,0.9,19.0,3.2,9.9,95.0,43.0,75.0,5.6,0.9,13.0
1.75,0.1,121.0,0.9,22.4,3.8,12.1,95.0,26.0,61.0,4.7,1.1,13.1
1.58,0.0,109.0,0.9,20.5,6.1,12.1,90.0,31.0,61.0,4.8,1.1,13.2
1.73,0.0,118.0,0.8,20.4,3.1,10.6,93.0,32.0,66.0,4.6,1.2,13.0
1.7,0.1,121.0,0.9,19.3,2.9,10.3,93.0,40.0,68.0,4.7,1.2,12.8
1.7,0.0,122.0,0.9,19.4,2.3,10.1,94.0,41.0,69.0,4.8,1.0,12.6
1.69,0.1,118.0,0.9,18.8,2.3,10.0,93.0,45.0,72.0,5.3,1.3,12.5
0.47,0.2,26.0,0.8,11.1,0.1,7.4,94.0,59.0,80.0,4.2,2.0,12.3
1.33,0.0,124.0,0.5,9.5,-4.6,2.7,93.0,41.0,67.0,-2.9,1.3,11.4
1.31,0.1,124.0,0.4,9.2,-5.5,1.4,95.0,27.0,61.0,-5.3,0.9,10.4
1.57,0.0,115.0,0.4,9.9,-4.1,3.5,91.0,30.0,54.0,-4.9,1.6,9.7
1.4,5.5,108.0,0.6,9.1,-1.8,4.4,93.0,37.0,68.0,-0.9,2.5,10.0
1.12,0.1,114.0,0.5,8.1,-4.4,1.4,95.0,43.0,71.0,-3.2,1.1,9.3
1.21,0.1,123.0,0.5,10.3,-4.7,1.4,95.0,35.0,71.0,-3.2,1.0,8.8
1.43,0.1,123.0,0.5,10.9,-5.6,2.4,93.0,35.0,65.0,-3.4,1.3,8.4
1.33,0.0,119.0,0.5,14.7,-2.6,4.7,94.0,30.0,63.0,-1.6,0.8,8.5
1.41,0.1,118.0,0.6,16.6,-3.2,4.9,94.0,30.0,65.0,-1.1,0.9,8.4
1.37,0.0,117.0,0.6,13.7,-2.9,4.5,94.0,38.0,69.0,-0.7,1.1,8.4
1.38,0.1,113.0,0.6,16.5,-2.9,5.6,94.0,30.0,64.0,-0.6,0.9,8.4
1.41,0.1,113.0,0.6,16.6,-2.1,6.0,94.0,33.0,65.0,0.0,0.9,8.5
1.37,0.0,107.0,0.7,18.4,-0.6,7.3,93.0,33.0,66.0,1.3,1.0,8.7
1.33,0.0,90.0,0.8,17.8,0.8,9.1,91.0,39.0,66.0,3.1,1.3,9.0
1.36,0.0,82.0,0.9,19.1,7.2,12.2,82.0,34.0,63.0,5.3,1.6,9.8
0.76,0.0,55.0,0.9,13.1,2.2,9.2,92.0,55.0,73.0,4.7,1.6,10.3
1.23,0.0,103.0,0.7,13.7,-0.7,5.7,93.0,49.0,73.0,1.2,1.2,9.9
1.36,0.0,112.0,0.6,14.7,-1.2,6.1,91.0,30.0,60.0,-1.1,1.0,9.4
1.4,0.0,111.0,0.6,16.9,-1.4,6.6,92.0,32.0,63.0,0.1,0.9,9.2
1.5,0.1,114.0,0.7,18.5,-0.9,7.9,92.0,32.0,62.0,1.1,0.9,9.2
1.37,0.0,111.0,0.7,17.3,-0.3,7.1,94.0,37.0,69.0,1.9,1.1,9.2
1.55,0.1,116.0,0.7,21.8,-0.5,8.3,94.0,28.0,64.0,1.9,0.9,9.2
1.49,0.0,116.0,0.7,20.2,-0.5,7.5,94.0,31.0,64.0,1.2,1.0,9.2
1.43,0.1,107.0,0.7,18.4,-1.2,7.7,94.0,35.0,67.0,1.9,1.0,9.0
1.48,0.0,122.0,0.7,17.1,-0.7,6.7,95.0,33.0,66.0,0.9,1.0,9.2
1.48,0.1,119.0,0.7,18.4,-1.4,6.8,94.0,32.0,66.0,1.0,1.0,8.9
1.58,0.1,120.0,0.6,19.8,-1.3,7.8,90.0,26.0,58.0,0.0,0.8,8.9
1.48,0.0,108.0,0.6,18.7,-0.5,7.5,92.0,26.0,57.0,-0.5,0.9,8.9
1.49,0.0,114.0,0.6,18.6,-1.0,7.2,89.0,28.0,61.0,0.3,0.9,8.8
1.6,0.0,115.0,0.6,18.6,0.1,8.0,90.0,30.0,60.0,0.8,1.0,8.9
1.41,0.0,103.0,0.7,17.4,0.4,7.8,89.0,34.0,65.0,1.6,1.0,8.9
1.6,0.0,117.0,0.7,18.3,0.7,8.0,92.0,32.0,64.0,1.6,1.0,9.0
1.55,0.0,119.0,0.7,20.3,-0.1,8.0,94.0,29.0,64.0,1.7,0.8,9.0
1.3,0.1,94.0,0.6,18.9,-1.0,8.2,89.0,29.0,58.0,0.5,0.9,8.9
1.05,0.0,74.0,0.6,17.4,2.3,8.3,80.0,31.0,57.0,0.2,1.0,9.0
1.51,0.0,109.0,0.7,15.4,-0.1,7.4,89.0,39.0,66.0,1.5,1.5,8.9
1.35,0.0,103.0,0.8,16.1,1.0,8.2,94.0,52.0,75.0,4.1,1.4,9.0
1.36,0.1,111.0,0.8,16.1,2.0,8.4,95.0,50.0,76.0,4.4,0.9,9.3
1.31,0.1,87.0,0.9,16.9,1.9,9.7,94.0,47.0,71.0,4.7,1.6,9.3
0.53,0.0,59.0,0.9,11.5,2.3,7.0,95.0,72.0,88.0,5.2,1.8,9.5
1.6,0.2,130.0,0.8,17.3,-0.3,7.3,96.0,43.0,75.0,3.2,1.1,9.2
1.66,0.1,130.0,0.7,18.5,-0.9,7.6,96.0,36.0,69.0,2.3,1.0,9.1
1.85,0.1,135.0,0.7,21.4,-0.3,8.9,94.0,29.0,63.0,2.2,1.0,9.2
1.84,0.0,136.0,0.7,22.0,0.3,9.3,92.0,26.0,61.0,2.1,0.9,9.2
1.76,0.0,168.0,0.7,19.2,5.9,13.5,74.0,26.0,43.0,1.2,1.5,9.8
1.91,0.0,134.0,0.6,19.9,1.9,9.5,87.0,25.0,54.0,0.8,1.0,9.6
2.32,0.0,161.0,0.8,25.2,9.2,18.2,76.0,25.0,40.0,4.5,1.2,14.1
3.3,0.0,198.0,0.9,25.9,5.7,15.5,89.0,24.0,50.0,5.1,1.2,13.4
1.56,12.9,86.0,1.2,17.4,9.9,13.8,89.0,56.0,73.0,9.1,3.0,13.4
3.31,0.2,203.0,1.2,19.0,11.5,14.9,93.0,47.0,68.0,9.1,2.9,13.7
1.81,18.1,89.0,1.2,17.9,11.1,13.8,92.0,50.0,75.0,9.4,4.5,13.5
2.47,0.1,121.0,1.0,17.7,9.5,14.1,78.0,50.0,61.0,6.8,3.2,12.8
1.25,0.1,78.0,1.1,16.5,8.4,12.5,92.0,64.0,76.0,8.4,2.4,12.4
2.21,0.0,164.0,1.1,19.1,5.7,12.5,96.0,54.0,77.0,8.7,1.1,12.3
2.6,0.0,170.0,1.3,20.6,11.8,15.9,92.0,56.0,75.0,11.4,1.7,14.1
2.37,0.0,165.0,1.4,22.4,10.9,16.6,95.0,52.0,75.0,12.0,1.2,15.0
3.17,0.9,170.0,1.4,21.1,12.1,16.3,94.0,46.0,75.0,11.8,3.4,15.7
2.07,0.0,155.0,1.2,19.6,9.0,12.9,92.0,53.0,77.0,9.0,2.1,14.7
3.39,0.1,227.0,1.0,24.2,5.7,14.4,96.0,27.0,62.0,7.2,1.1,14.3
1.91,0.0,115.0,1.0,23.1,9.6,15.7,84.0,30.0,58.0,7.6,1.1,14.5
3.61,0.0,197.0,1.1,22.6,7.7,14.6,88.0,47.0,66.0,8.3,3.1,14.2
3.35,0.0,246.0,1.0,21.3,4.9,12.6,92.0,39.0,65.0,6.3,1.5,14.0
3.9,0.0,243.0,0.8,23.4,5.4,14.2,92.0,24.0,52.0,4.5,1.7,14.0
4.23,0.0,258.0,0.7,24.2,3.5,14.4,84.0,19.0,41.0,1.4,1.6,13.6
4.2,0.0,249.0,0.8,24.2,4.8,14.9,86.0,24.0,48.0,4.2,1.7,13.6
4.09,0.0,251.0,1.0,25.7,7.0,16.2,91.0,27.0,55.0,7.1,1.7,14.1
4.31,0.0,258.0,1.0,28.6,6.3,17.7,93.0,21.0,49.0,6.8,1.2,14.5
4.91,0.0,261.0,0.9,21.0,9.5,15.2,78.0,35.0,51.0,5.1,4.1,14.7
3.92,0.0,260.0,0.8,22.5,4.5,13.5,84.0,24.0,51.0,3.5,1.6,14.4
4.31,0.0,260.0,0.8,26.3,5.4,15.8,89.0,15.0,43.0,3.4,1.2,14.4
4.49,0.0,249.0,0.8,26.1,6.5,17.0,87.0,18.0,41.0,3.6,1.4,14.8
4.67,0.0,262.0,0.9,25.8,8.3,17.3,85.0,24.0,45.0,5.2,1.9,15.5
4.24,0.0,268.0,1.0,23.7,7.7,15.6,89.0,32.0,54.0,6.4,1.7,15.8
4.75,0.0,273.0,0.8,25.3,6.4,16.4,88.0,20.0,44.0,4.2,1.8,15.8
4.8,0.0,271.0,0.9,27.5,7.1,17.7,84.0,23.0,44.0,5.2,1.7,16.0
4.82,0.0,230.0,0.9,23.5,7.8,16.2,86.0,15.0,50.0,5.8,2.9,16.1
1.93,4.3,137.0,1.1,15.8,9.3,12.8,94.0,59.0,75.0,8.4,2.2,16.0
